id,structure_a17d2,structure_b7b02,structure_92ae6,structure_2b2e8,structure_ffa98,structure_e1550,structure_8d8ac,structure_6a647,structure_1899b,structure_5d807,structure_78f0f,structure_8a9d8,structure_0eee6,structure_b91ec,structure_75a22,runtime_perc_diff,memory_perc_diff,cpu_perc_diff,runtime,memory,cpu,runtime_has_improved,memory_has_improved,cpu_has_improved
b2595,mistral-large,gpt-4-turbo,original,gemini-v15-pro,mistral-large,original,gpt-4-turbo,gemini-v15-pro,original,original,gemini-v15-pro,gpt-4-turbo,original,original,original,2.4009942664829214,0.24215318465865743,0.08188788753613419,36.00819135271013,31035677.580987673,99.33850786789877,False,False,False
e8e8a,original,gpt-4-turbo,gpt-4-turbo_1,gpt-4-turbo,original,gemini-v15-pro,claude-v3-sonnet_1,original,original,original,original,gpt-4-turbo,claude-v3-sonnet,claude-v3-sonnet,claude-v3-sonnet_1,11.334886937438014,2.1626293707129,0.09951143734141035,32.71211969293654,30438197.96795358,99.32098654865065,False,False,False
6704c,mistral-large,gpt-4-turbo,original,gpt-4-turbo,original,original,claude-v3-sonnet_1,original,original,original,original,original,claude-v3-sonnet,claude-v3-sonnet,claude-v3-sonnet_1,11.597581519670607,2.1987843916463645,0.11104388670289154,32.615201115608215,30426949.77436835,99.309520996636,False,False,False
c9fa6,gpt-4-turbo,gpt-4-turbo,claude-v3-sonnet,gpt-4-turbo,original,original,gpt-4-turbo,original,gemini-v15-pro,claude-v3-sonnet,gemini-v15-pro,original,original,claude-v3-sonnet,claude-v3-sonnet_1,11.430684344202664,1.3443348177617191,0.20692743865496574,32.67677618376911,30692777.699998938,99.2141936452818,False,False,False
9c5ad,original,gpt-4-turbo,gpt-4-turbo_1,gpt-4-turbo,original,gemini-v15-pro,claude-v3-sonnet,gemini-v15-pro,original,claude-v3-sonnet,original,gpt-4-turbo,claude-v3-sonnet,claude-v3-sonnet,claude-v3-sonnet_1,11.452921816423132,2.0171251190372335,0.12028755690254878,32.66857188753784,30483465.815905713,99.30033094704996,False,False,False
44217,original,gpt-4-turbo,gpt-4-turbo_1,gpt-4-turbo,mistral-large,gemini-v15-pro,claude-v3-sonnet_1,original,original,original,original,original,original,claude-v3-sonnet,original,11.936965227569917,2.8724011452509037,0.15950070673416888,32.48998884111643,30217380.77257623,99.2613452645674,False,False,False
b675f,original,gpt-4-turbo,gpt-4-turbo_1,gpt-4-turbo,mistral-large,gemini-v15-pro,claude-v3-sonnet_1,original,original,original,gemini-v15-pro,gpt-4-turbo,original,gemini-v15-pro,original,11.581312107780716,2.853595047152502,0.12942387637473854,32.62120355479419,30223231.54036815,99.29124762547208,False,False,False
ef6f1,mistral-large,gpt-4-turbo,gpt-4-turbo_1,gpt-4-turbo,mistral-large,gemini-v15-pro,gpt-4-turbo,original,original,original,original,original,original,claude-v3-sonnet,original,11.966674754358856,1.3542331356208863,0.12580648945794554,32.479027803987265,30689698.232954707,99.29484402867764,False,False,False
1473a,mistral-large,gpt-4-turbo,claude-v3-sonnet,gpt-4-turbo,mistral-large,gemini-v15-pro,original,original,original,original,gemini-v15-pro,original,claude-v3-sonnet,claude-v3-sonnet,original,10.728681390984436,1.9641726403398672,0.10603134227833619,32.9357732553035,30499939.86890936,99.31450446432999,False,False,False
f8e90,original,gpt-4-turbo,gpt-4-turbo_1,gpt-4-turbo,mistral-large,gemini-v15-pro,original,gpt-4-turbo_1,original,original,original,original,original,claude-v3-sonnet,claude-v3-sonnet_1,11.914928494235498,1.09010860190976,0.15352781161878992,32.49811907671392,30771870.05332951,99.26728351215704,False,False,False
6d099,mistral-large,gpt-4-turbo,gpt-4-turbo_1,gpt-4-turbo,mistral-large,gemini-v15-pro,original,original,original,original,gemini-v15-pro,original,claude-v3-sonnet,claude-v3-sonnet,original,11.89650975608308,2.2236961143379252,0.14345743502984382,32.50491448864341,30419199.484861065,99.27729547258006,False,False,False
4b766,original,gpt-4-turbo,gpt-4-turbo_1,gpt-4-turbo,mistral-large,gemini-v15-pro,original,original,original,original,original,original,claude-v3-sonnet,gemini-v15-pro,original,11.568378977085715,2.142771611083012,0.1440299550449207,32.62597510591149,30444375.918310657,99.27672627363485,False,False,False
a63a3,original,gpt-4-turbo,original,gpt-4-turbo,mistral-large,original,gpt-4-turbo,original,original,original,gemini-v15-pro,gpt-4-turbo,original,claude-v3-sonnet,claude-v3-sonnet_1,11.569829374985128,0.9539246070553092,0.1115623908511711,32.6254399958998,30814238.27488723,99.30900550022274,False,False,False
78336,original,claude-v3-sonnet_1,gpt-4-turbo_1,gpt-4-turbo,original,gemini-v15-pro,claude-v3-sonnet_1,gemini-v15-pro,original,claude-v3-sonnet,original,gpt-4-turbo,original,gemini-v15-pro,claude-v3-sonnet_1,10.653249164077634,2.275912077718335,0.12934121965443243,32.9636032320559,30402954.569239993,99.2913298027179,False,False,False
104a5,gpt-4-turbo,gpt-4-turbo,claude-v3-sonnet,gpt-4-turbo,original,original,gpt-4-turbo,gemini-v15-pro,original,original,gemini-v15-pro,gpt-4-turbo,original,gemini-v15-pro,original,11.32779572685911,2.034870610363271,0.16899181347852554,32.7147359251976,30477945.013634082,99.25190921376473,False,False,False
6f201,mistral-large,gpt-4-turbo,original,gpt-4-turbo,mistral-large,original,gpt-4-turbo,gemini-v15-pro,original,original,gemini-v15-pro,original,original,claude-v3-sonnet,claude-v3-sonnet_1,11.991089719191923,1.4920230544326518,0.19103192079325823,32.470020143315196,30646830.392171532,99.22999695654124,False,False,False
35985,mistral-large,gpt-4-turbo,original,gpt-4-turbo,original,gemini-v15-pro,claude-v3-sonnet_1,gemini-v15-pro,gemini-v15-pro,original,gemini-v15-pro,gpt-4-turbo,original,gemini-v15-pro,claude-v3-sonnet_1,11.873117266612732,2.020562436770061,0.10809172723097622,32.51354491710663,30482396.431508344,99.31245603124312,False,False,False
d57bd,mistral-large,claude-v3-sonnet_1,original,original,original,gemini-v15-pro,gpt-4-turbo,gemini-v15-pro,original,claude-v3-sonnet,original,original,original,gemini-v15-pro,claude-v3-sonnet_1,0.2560407805807369,1.2871663308583525,0.07129552731216796,36.799550803378224,30710563.395901237,99.34903878403802,False,False,False
f3957,original,gpt-4-turbo,gpt-4-turbo_1,gpt-4-turbo,gpt-4-turbo,gemini-v15-pro,claude-v3-sonnet_1,gpt-4-turbo_1,original,original,original,gpt-4-turbo,claude-v3-sonnet,claude-v3-sonnet,claude-v3-sonnet_1,11.547024506561158,1.904348080501723,0.04485009149621987,32.63385362736881,30518551.896031376,99.37533081536579,False,False,False
d79b3,mistral-large,claude-v3-sonnet_1,gpt-4-turbo_1,gpt-4-turbo,mistral-large,gemini-v15-pro,claude-v3-sonnet_1,original,original,original,original,original,original,gemini-v15-pro,claude-v3-sonnet_1,11.260586115302281,2.0421294327539052,0.12171268525652887,32.73953224904835,30475686.720391743,99.29891408556998,False,False,False
85f9c,original,gpt-4-turbo,gpt-4-turbo_1,gpt-4-turbo,gpt-4-turbo,gemini-v15-pro,gpt-4-turbo,original,original,original,original,gpt-4-turbo,original,claude-v3-sonnet,original,11.038882352007517,1.3934286203320567,0.15610324581096338,32.82132766768336,30677504.120261215,99.26472301752445,False,False,False
6354a,mistral-large,gpt-4-turbo,original,gpt-4-turbo,mistral-large,original,claude-v3-sonnet_1,gemini-v15-pro,original,original,gemini-v15-pro,gpt-4-turbo,original,gemini-v15-pro,claude-v3-sonnet_1,12.075032762935335,1.9943113880985293,0.15775689140257756,32.4390501845628,30490563.398907315,99.26307896438793,False,False,False
e24e5,mistral-large,gpt-4-turbo,gpt-4-turbo_1,gpt-4-turbo,original,original,claude-v3-sonnet_1,original,original,original,original,original,claude-v3-sonnet,gemini-v15-pro,original,11.223300532006979,1.7071400591639423,0.10224200754758665,32.753288397565484,30579905.310945727,99.3182718179159,False,False,False
d7871,mistral-large,gpt-4-turbo,gpt-4-turbo_1,gpt-4-turbo,mistral-large,original,gpt-4-turbo,gemini-v15-pro,original,original,gemini-v15-pro,original,original,gemini-v15-pro,claude-v3-sonnet_1,10.731215261888007,2.245236722386623,0.16427616211203952,32.934838408604264,30412497.983298633,99.2565975106157,False,False,False
6bfa3,mistral-large,gpt-4-turbo,gpt-4-turbo_1,gpt-4-turbo,mistral-large,gemini-v15-pro,gpt-4-turbo,original,original,original,gemini-v15-pro,original,original,claude-v3-sonnet,claude-v3-sonnet_1,11.982741816847252,2.4717250696775577,0.1385494045097766,32.47310001961887,30342035.1621094,99.28217503263305,False,False,False
2e9ea,original,gpt-4-turbo,original,gpt-4-turbo,mistral-large,gemini-v15-pro,claude-v3-sonnet_1,original,original,original,gemini-v15-pro,gpt-4-turbo,original,gemini-v15-pro,claude-v3-sonnet_1,11.802666722433784,2.3202556447331326,0.18788370092640283,32.53953695110977,30389158.835945852,99.23312691423762,False,False,False
0e071,gpt-4-turbo,gpt-4-turbo,gpt-4-turbo_1,gpt-4-turbo,mistral-large,gemini-v15-pro,claude-v3-sonnet,original,gemini-v15-pro,original,original,original,claude-v3-sonnet,claude-v3-sonnet,original,11.877135669255626,1.9996129363872683,0.1963484833812348,32.51206236705184,30488914.03348272,99.22471123423014,False,False,False
4f0e9,mistral-large,gpt-4-turbo,gpt-4-turbo_1,gpt-4-turbo,mistral-large,gemini-v15-pro,claude-v3-sonnet_1,gpt-4-turbo_1,original,original,gemini-v15-pro,gpt-4-turbo,original,gemini-v15-pro,original,11.806342191308067,1.4308557399682256,0.18372403303362628,32.538180923089385,30665860.163871866,99.2372624527597,False,False,False
f2c4b,mistral-large,gpt-4-turbo,gpt-4-turbo_1,gpt-4-turbo,mistral-large,original,original,original,original,original,original,original,original,claude-v3-sonnet,original,11.894589415834881,1.3794034355011102,0.14563390224637757,32.50562297925353,30681867.497462336,99.27513163059844,False,False,False
022e5,mistral-large,gpt-4-turbo,original,gpt-4-turbo,mistral-large,original,gpt-4-turbo,original,original,original,original,original,original,original,original,11.780290508598984,1.987143223756015,0.15139360743801272,32.54779243469238,30492793.48751171,99.26940533626201,False,False,False
b9ee4,gpt-4-turbo,claude-v3-sonnet_1,gpt-4-turbo_1,gpt-4-turbo,original,gemini-v15-pro,claude-v3-sonnet_1,original,gemini-v15-pro,original,original,gpt-4-turbo,original,claude-v3-sonnet,original,11.305264080613535,2.0994494150618066,0.132876865838505,32.72304875403643,30457853.892733093,99.28781466608402,False,False,False
871cb,mistral-large,gpt-4-turbo,original,gpt-4-turbo,mistral-large,gemini-v15-pro,claude-v3-sonnet_1,gemini-v15-pro,original,original,gemini-v15-pro,gpt-4-turbo,original,gemini-v15-pro,claude-v3-sonnet_1,11.921776294841992,1.216136485369899,0.11481211162397562,32.49559264816344,30732661.50099855,99.30577463040612,False,False,False
fb3de,original,gpt-4-turbo,claude-v3-sonnet,gpt-4-turbo,mistral-large,gemini-v15-pro,claude-v3-sonnet,gemini-v15-pro,original,original,original,gpt-4-turbo,claude-v3-sonnet,gemini-v15-pro,claude-v3-sonnet_1,11.593217462043349,0.9608300992948751,0.14681266396479037,32.616811191663146,30812089.906237274,99.27395970663227,False,False,False
e5a75,original,gpt-4-turbo,gpt-4-turbo_1,gpt-4-turbo,mistral-large,gemini-v15-pro,original,gpt-4-turbo_1,original,original,original,original,original,claude-v3-sonnet,original,10.550967978635034,2.277986175511964,0.12162469078478044,33.00133886747062,30402309.296387285,99.29900156960404,False,False,False
fbffa,original,gpt-4-turbo,original,gpt-4-turbo,mistral-large,original,gpt-4-turbo,gemini-v15-pro,original,original,gemini-v15-pro,gpt-4-turbo,original,gemini-v15-pro,original,11.766009941923084,1.7917733419865804,0.07485905005060874,32.55306110903621,30553575.0385696,99.34549593255588,False,False,False
e939a,original,gpt-4-turbo,gpt-4-turbo_1,gpt-4-turbo,mistral-large,gemini-v15-pro,gpt-4-turbo,gpt-4-turbo_1,original,original,original,original,original,claude-v3-sonnet,original,11.702357317809541,2.0879837828215417,0.20864586226901152,32.57654511742294,30461420.967172157,99.21248518988672,False,False,False
cd04c,mistral-large,gpt-4-turbo,gpt-4-turbo_1,gpt-4-turbo,mistral-large,original,gpt-4-turbo,gemini-v15-pro,original,original,original,gpt-4-turbo,original,claude-v3-sonnet,original,11.868893031008287,1.3446624901958444,0.20568281972974756,32.51510340720415,30692675.757782437,99.21543104443077,False,False,False
42601,mistral-large,gpt-4-turbo,original,gpt-4-turbo,original,original,claude-v3-sonnet,gemini-v15-pro,original,original,gemini-v15-pro,gpt-4-turbo,original,claude-v3-sonnet,claude-v3-sonnet_1,10.778575568442132,2.1342431545418474,0.14183795126152388,32.91736529022455,30447029.207609944,99.27890556205894,False,False,False
c16c8,gpt-4-turbo,claude-v3-sonnet_1,claude-v3-sonnet,gpt-4-turbo,original,gemini-v15-pro,gpt-4-turbo,gemini-v15-pro,gemini-v15-pro,original,original,gpt-4-turbo,original,gemini-v15-pro,claude-v3-sonnet_1,11.273853162898853,2.113711445383696,0.1067780798565741,32.73463750258088,30453416.830498382,99.31376205842156,False,False,False
71021,original,original,claude-v3-sonnet,gpt-4-turbo,original,original,claude-v3-sonnet_1,original,original,original,gemini-v15-pro,original,claude-v3-sonnet,claude-v3-sonnet,original,11.52825775571054,2.5439111850680156,0.09686799721463178,32.64077743515372,30319577.329722248,99.32361465472952,False,False,False
96973,original,gpt-4-turbo,gpt-4-turbo_1,gpt-4-turbo,original,gemini-v15-pro,claude-v3-sonnet_1,original,original,original,gemini-v15-pro,gpt-4-turbo,original,claude-v3-sonnet,claude-v3-sonnet_1,11.177268809820351,2.36615139574613,0.18470678989622807,32.77027134783566,30374880.202472404,99.23628539666582,False,False,False
5280a,original,gpt-4-turbo,gpt-4-turbo_1,gpt-4-turbo,gpt-4-turbo,gemini-v15-pro,claude-v3-sonnet_1,original,original,original,gemini-v15-pro,gpt-4-turbo,original,claude-v3-sonnet,claude-v3-sonnet_1,10.415595310182777,2.0377772117985034,0.2116876823261138,33.05128327943385,30477040.740457784,99.20946101479687,False,False,False
82138,mistral-large,claude-v3-sonnet_1,original,gpt-4-turbo,original,original,claude-v3-sonnet_1,original,original,original,original,gpt-4-turbo,claude-v3-sonnet,claude-v3-sonnet,claude-v3-sonnet_1,10.656584632441843,2.124092794887408,0.09509810545822471,32.962372643873096,30450187.087412115,99.32537427971094,False,False,False
cb363,gpt-4-turbo,gpt-4-turbo,claude-v3-sonnet,gpt-4-turbo,original,gemini-v15-pro,gpt-4-turbo,gemini-v15-pro,original,original,gemini-v15-pro,gpt-4-turbo,original,claude-v3-sonnet,original,11.469913703522657,1.9819894534587166,0.19350220663904455,32.66230289824307,30494396.87770486,99.22754100031129,False,False,False
1484c,original,gpt-4-turbo,gpt-4-turbo_1,gpt-4-turbo,mistral-large,original,gpt-4-turbo,original,original,original,original,original,original,gemini-v15-pro,claude-v3-sonnet_1,11.76797998601005,1.9405495367442551,0.13442592577858184,32.55233428068459,30507289.25595069,99.28627459191937,False,False,False
754e8,gpt-4-turbo,gpt-4-turbo,gpt-4-turbo_1,gpt-4-turbo,mistral-large,gemini-v15-pro,gpt-4-turbo,original,original,original,gemini-v15-pro,gpt-4-turbo,original,gemini-v15-pro,original,11.503853458649063,2.25396358757814,0.12441796188599802,32.64978116005659,30409782.967056572,99.29622450168914,False,False,False
69dfd,mistral-large,gpt-4-turbo,original,gpt-4-turbo,original,original,claude-v3-sonnet_1,gemini-v15-pro,gemini-v15-pro,original,gemini-v15-pro,original,original,claude-v3-sonnet,original,11.436915327490603,2.0973619521840012,0.13833936164392444,32.67447732388973,30458503.323598996,99.2823838570838,False,False,False
b1836,gpt-4-turbo,gpt-4-turbo,gpt-4-turbo_1,gpt-4-turbo,original,gemini-v15-pro,claude-v3-sonnet_1,original,original,original,original,gpt-4-turbo,original,claude-v3-sonnet,original,11.730383547990474,2.013213422093041,0.17696139853678702,32.56620511598885,30484682.78448543,99.24398585861644,False,False,False
cbc4f,gpt-4-turbo,original,original,gpt-4-turbo,original,gemini-v15-pro,gpt-4-turbo,gpt-4-turbo_1,original,original,gemini-v15-pro,gpt-4-turbo,original,claude-v3-sonnet,original,11.493369836120632,1.8884144688987157,0.10544510700232607,32.6536489892751,30523509.00415067,99.31508729897675,False,False,False
4e7c5,mistral-large,gpt-4-turbo,gpt-4-turbo_1,gpt-4-turbo,mistral-large,original,claude-v3-sonnet_1,original,original,original,gemini-v15-pro,original,original,gemini-v15-pro,original,11.70829837297673,1.6412092613948244,0.20193100765396169,32.57435322366655,30600417.050598722,99.21916109302286,False,False,False
e8c2d,original,gpt-4-turbo,gpt-4-turbo_1,gpt-4-turbo,mistral-large,gemini-v15-pro,gpt-4-turbo,gemini-v15-pro,original,original,original,original,original,gemini-v15-pro,original,11.692801342080749,1.5637746469211165,0.1576991782527378,32.580070700496435,30624507.74426478,99.26313634275576,False,False,False
5d745,original,gpt-4-turbo,gpt-4-turbo_1,gpt-4-turbo,original,gemini-v15-pro,claude-v3-sonnet_1,original,original,original,original,gpt-4-turbo,original,claude-v3-sonnet,original,11.547125368246364,2.702380461221331,0.1372016679243456,32.63381641544402,30270275.931203786,99.28351495127808,False,False,False
18e23,mistral-large,original,gpt-4-turbo_1,gpt-4-turbo,original,gemini-v15-pro,gpt-4-turbo,original,original,original,original,gpt-4-turbo,original,gemini-v15-pro,claude-v3-sonnet_1,10.769201323478216,1.907682684320106,0.15232866620050103,32.92082382552326,30517514.4669742,99.26847570158147,False,False,False
b3c9f,original,claude-v3-sonnet_1,claude-v3-sonnet,gpt-4-turbo,mistral-large,gemini-v15-pro,gpt-4-turbo,original,original,claude-v3-sonnet,gemini-v15-pro,gpt-4-turbo,original,claude-v3-sonnet,claude-v3-sonnet_1,9.687294962104234,1.8514365090508929,0.11078739406533941,33.31998251564801,30535013.22237587,99.30977600141296,False,False,False
732ed,original,gpt-4-turbo,gpt-4-turbo_1,gpt-4-turbo,mistral-large,original,claude-v3-sonnet_1,original,original,claude-v3-sonnet,original,original,original,claude-v3-sonnet,claude-v3-sonnet_1,11.82856361390909,2.333161963777541,0.12764758463248232,32.529982548207045,30385143.549235012,99.29301361331436,False,False,False
49bed,mistral-large,original,original,gpt-4-turbo,original,original,gpt-4-turbo,gemini-v15-pro,original,original,original,original,original,gemini-v15-pro,original,11.361560965724001,2.3509400227949597,0.13096296420877684,32.702278573065996,30379612.614824392,99.28971746556735,False,False,False
bae5a,original,gpt-4-turbo,gpt-4-turbo_1,gpt-4-turbo,original,original,claude-v3-sonnet_1,original,original,original,original,original,claude-v3-sonnet,claude-v3-sonnet,claude-v3-sonnet_1,11.717781703856767,2.452170991042561,0.22209206927138653,32.570854442194104,30348118.63422997,99.19911698154232,False,False,False
feadd,original,gpt-4-turbo,claude-v3-sonnet,gpt-4-turbo,original,original,gpt-4-turbo,gemini-v15-pro,original,original,gemini-v15-pro,gpt-4-turbo,original,gemini-v15-pro,original,10.507936682064825,0.9662542256004591,0.20011407946008108,33.01721484027803,30810402.40554883,99.22096748159314,False,False,False
7549d,original,gpt-4-turbo,gpt-4-turbo_1,gpt-4-turbo,original,gemini-v15-pro,claude-v3-sonnet,gemini-v15-pro,original,original,original,original,original,gemini-v15-pro,claude-v3-sonnet_1,11.769033954775127,2.302410196262495,0.1332329750437243,32.5519454292953,30394710.735898625,99.28746062259444,False,False,False
44ee9,mistral-large,gpt-4-turbo,gpt-4-turbo_1,gpt-4-turbo,original,original,claude-v3-sonnet_1,original,original,claude-v3-sonnet,original,original,claude-v3-sonnet,claude-v3-sonnet,claude-v3-sonnet_1,11.191714749674778,1.2209418749789978,0.13777190017562255,32.76494166068733,30731166.495569702,99.28294802682582,False,False,False
41493,gpt-4-turbo,gpt-4-turbo,original,gpt-4-turbo,original,original,gpt-4-turbo,original,original,original,gemini-v15-pro,original,original,gemini-v15-pro,original,11.556336532113297,2.156138742020327,0.12680123262373882,32.63041804730892,30440217.2683478,99.29385505581064,False,False,False
e6b3a,mistral-large,gpt-4-turbo,original,gpt-4-turbo,original,original,claude-v3-sonnet_1,original,original,claude-v3-sonnet,original,original,original,gemini-v15-pro,claude-v3-sonnet_1,11.77339222666351,2.067878969901499,0.15920059282647778,32.55033748783171,30467675.778312653,99.26164363757655,False,False,False
ad5e2,original,gpt-4-turbo,gpt-4-turbo_1,gpt-4-turbo,mistral-large,gemini-v15-pro,original,original,original,original,original,original,claude-v3-sonnet,claude-v3-sonnet,claude-v3-sonnet_1,11.775561808060738,2.6368099871248525,0.09494203180040271,32.54953704215586,30290675.57050893,99.32552944801785,False,False,False
b5e19,mistral-large,gpt-4-turbo,gpt-4-turbo_1,gpt-4-turbo,mistral-large,original,claude-v3-sonnet_1,original,original,original,original,original,claude-v3-sonnet,claude-v3-sonnet,original,11.824830398716088,1.175486686444506,0.16279496625532386,32.53135988116264,30745308.06558926,99.25807011436247,False,False,False
0ffcb,original,original,original,original,original,original,original,original,original,original,original,original,original,original,original,0.0,0.0,0.0,36.89401452615857,31111013.891906522,99.4199207407835,False,False,False
34a00,original,claude-v3-sonnet_1,gpt-4-turbo_1,claude-v3-sonnet_1,original,original,claude-v3-sonnet,gemini-v15-pro,gemini-v15-pro,claude-v3-sonnet,gemini-v15-pro,original,claude-v3-sonnet,claude-v3-sonnet,original,1.4361176205102233,0.8812386599509483,0.0365999277078795,36.36417308263481,30836851.60998833,99.38353312166514,False,False,False
02de2,mistral-large,gpt-4-turbo,original,original,gpt-4-turbo,gemini-v15-pro,claude-v3-sonnet,original,original,original,original,original,claude-v3-sonnet,gemini-v15-pro,claude-v3-sonnet_1,-2.2690416866124,-0.053100800925516826,0.03274791396000426,37.73115509562194,31127534.089459173,99.3873627906802,True,True,False
c819f,mistral-large,claude-v3-sonnet_1,original,claude-v3-sonnet_1,mistral-large,original,gpt-4-turbo,gpt-4-turbo_1,original,original,original,gpt-4-turbo,original,claude-v3-sonnet,claude-v3-sonnet_1,2.405736739704982,0.48085759991850097,-0.0067720678622851475,36.00644166395068,30961414.21719559,99.42665352528469,False,False,True
756f4,gpt-4-turbo,claude-v3-sonnet_1,gpt-4-turbo_1,gemini-v15-pro,mistral-large,gemini-v15-pro,gpt-4-turbo,gpt-4-turbo_1,original,original,original,gpt-4-turbo,claude-v3-sonnet,claude-v3-sonnet,claude-v3-sonnet_1,-0.21689370395898644,-0.7021577729399654,-0.028409998244709682,36.97403532080352,31329462.294188976,99.44816593852084,True,True,True
bcde0,original,claude-v3-sonnet_1,gpt-4-turbo_1,gemini-v15-pro,original,gemini-v15-pro,original,gpt-4-turbo_1,original,claude-v3-sonnet,original,gpt-4-turbo,original,claude-v3-sonnet,claude-v3-sonnet_1,0.9515832646815616,0.2782543379060784,-0.0799338692891478,36.54293725825846,31024446.14618573,99.49939093027581,False,False,True
23270,gpt-4-turbo,gpt-4-turbo,gpt-4-turbo_1,claude-v3-sonnet_1,mistral-large,original,claude-v3-sonnet_1,original,original,claude-v3-sonnet,gemini-v15-pro,gpt-4-turbo,original,claude-v3-sonnet,claude-v3-sonnet_1,2.8805506048947436,1.6091093744367508,0.06572654181755574,35.831263767555356,30610403.650889535,99.35457546500282,False,False,False
e1e5e,gpt-4-turbo,original,original,claude-v3-sonnet_1,mistral-large,gemini-v15-pro,original,gemini-v15-pro,gemini-v15-pro,claude-v3-sonnet,original,gpt-4-turbo,original,original,original,-0.29827459433008396,-0.5670838637976785,-0.0016115475788177323,37.00405999831855,31287439.43155138,99.42152294010906,True,True,True
8fc56,mistral-large,gpt-4-turbo,original,gpt-4-turbo,mistral-large,original,gpt-4-turbo,gemini-v15-pro,original,original,gemini-v15-pro,gpt-4-turbo,original,gemini-v15-pro,original,11.547549388186068,1.9493642400219875,0.13672294950066977,32.63365997746587,30504546.912389424,99.28399089275547,False,False,False
f9474,mistral-large,gpt-4-turbo,original,gpt-4-turbo,mistral-large,gemini-v15-pro,original,original,original,original,original,original,claude-v3-sonnet,claude-v3-sonnet,original,10.186498453014138,1.471961129099725,100.0,33.13580630719662,30653071.860548843,0.0,False,False,False
9a5b6,mistral-large,gpt-4-turbo,original,gpt-4-turbo,mistral-large,gemini-v15-pro,gpt-4-turbo,gpt-4-turbo_1,original,original,original,original,original,gemini-v15-pro,original,11.501430627484424,1.9751002006057587,0.09634632528099335,32.65067503973842,30496540.19411699,99.32413330055248,False,False,False
14fc7,original,gpt-4-turbo,gpt-4-turbo_1,gpt-4-turbo,mistral-large,gemini-v15-pro,claude-v3-sonnet_1,original,original,original,original,original,original,claude-v3-sonnet,claude-v3-sonnet_1,11.774224762176352,1.8954236178252466,0.15825845306162153,32.55003033205867,30521328.386854433,99.26258031218404,False,False,False
1b009,mistral-large,gpt-4-turbo,original,gpt-4-turbo,original,original,claude-v3-sonnet,original,original,original,original,original,original,claude-v3-sonnet,original,11.61646950850844,3.202247630345084,0.12054316625731831,32.60823257826269,30114762.186776616,99.30007682043204,False,False,False
27b35,mistral-large,gpt-4-turbo,original,gpt-4-turbo,original,original,claude-v3-sonnet_1,original,original,original,gemini-v15-pro,original,original,claude-v3-sonnet,original,11.402576376576366,0.9090520664695934,0.17704415149710312,32.68714634142816,30828198.577222504,99.24390358568888,False,False,False
36ac9,mistral-large,claude-v3-sonnet_1,original,gpt-4-turbo,mistral-large,original,gpt-4-turbo,gemini-v15-pro,original,original,gemini-v15-pro,original,original,gemini-v15-pro,claude-v3-sonnet_1,11.37694318554864,3.074789266412685,0.11362879027505068,32.69660345464945,30154415.77608602,99.30695108755333,False,False,False
7d8c9,mistral-large,gpt-4-turbo,original,claude-v3-sonnet_1,gpt-4-turbo,original,claude-v3-sonnet_1,gemini-v15-pro,original,original,gemini-v15-pro,gpt-4-turbo,original,original,original,1.370195250026259,0.958636675308632,0.020488978625773153,36.38849449157715,30812772.302678343,99.39955061447316,False,False,False
41401,original,claude-v3-sonnet_1,gpt-4-turbo_1,claude-v3-sonnet_1,original,original,claude-v3-sonnet,gemini-v15-pro,gemini-v15-pro,claude-v3-sonnet,gemini-v15-pro,original,original,claude-v3-sonnet,original,0.739088166178038,0.4805916131071537,0.05191713940381794,36.62133523076773,30961496.968389418,99.36830476193734,False,False,False
c26f5,gpt-4-turbo,claude-v3-sonnet_1,gpt-4-turbo_1,original,original,gemini-v15-pro,gpt-4-turbo,gpt-4-turbo,gemini-v15-pro,claude-v3-sonnet,gemini-v15-pro,gpt-4-turbo,original,original,original,0.22151148087696684,0.6480058601817928,-0.03073987858076449,36.812290048226714,30909412.698724996,99.4504823037043,False,False,True
50903,gpt-4-turbo,gpt-4-turbo,original,gpt-4-turbo,mistral-large,original,claude-v3-sonnet_1,original,original,original,original,original,original,claude-v3-sonnet,claude-v3-sonnet_1,11.71617652482085,1.6143398445520545,0.10038275062248225,32.571446657180786,30608776.39860535,99.3201202896772,False,False,False
aec4d,gpt-4-turbo,original,original,gpt-4-turbo,original,original,gpt-4-turbo,gemini-v15-pro,original,original,gemini-v15-pro,original,claude-v3-sonnet,claude-v3-sonnet,claude-v3-sonnet_1,11.348782469755008,1.5931153105376794,0.17611132822372544,32.70699307322502,30615379.566331055,99.24483099784793,False,False,False
519d3,gpt-4-turbo,claude-v3-sonnet_1,gpt-4-turbo_1,claude-v3-sonnet_1,original,original,original,gemini-v15-pro,gemini-v15-pro,claude-v3-sonnet,gemini-v15-pro,gpt-4-turbo,claude-v3-sonnet,claude-v3-sonnet,original,1.9750004558238332,0.2735954628867094,0.015490876183342155,36.16535757109523,31025895.569440212,99.40451972395996,False,False,False
04e13,mistral-large,claude-v3-sonnet_1,claude-v3-sonnet,gemini-v15-pro,gpt-4-turbo,gemini-v15-pro,gpt-4-turbo,gpt-4-turbo_1,gemini-v15-pro,original,gemini-v15-pro,gpt-4-turbo,original,gemini-v15-pro,original,0.6905261980097502,1.5844300439474641,-0.009018132518457877,36.63925169035792,30618081.640826486,99.42888656098565,False,False,True
d948a,original,claude-v3-sonnet_1,gpt-4-turbo_1,gpt-4-turbo,original,gemini-v15-pro,original,gemini-v15-pro,original,claude-v3-sonnet,gemini-v15-pro,gpt-4-turbo,claude-v3-sonnet,claude-v3-sonnet,claude-v3-sonnet_1,10.988764731939757,1.8977199755475758,0.02854912755151827,32.83981806971133,30520613.96668443,99.39153722079959,False,False,False
a6557,mistral-large,gpt-4-turbo,original,gpt-4-turbo,mistral-large,original,gpt-4-turbo,gemini-v15-pro,original,original,gemini-v15-pro,original,original,gemini-v15-pro,claude-v3-sonnet_1,11.950332859176617,1.9042681277370148,0.17530599462954283,32.48505698516965,30518576.77014711,99.24563165986896,False,False,False
b0f06,original,original,gpt-4-turbo_1,gpt-4-turbo,original,original,gpt-4-turbo,original,original,original,original,original,original,claude-v3-sonnet,claude-v3-sonnet_1,11.53389466579304,2.10536098867568,0.059685097482918115,32.63869775272906,30456014.74224485,99.36058186417192,False,False,False
cb805,original,gpt-4-turbo,gpt-4-turbo_1,gpt-4-turbo,original,gemini-v15-pro,claude-v3-sonnet_1,original,original,original,original,original,claude-v3-sonnet,claude-v3-sonnet,claude-v3-sonnet_1,10.492208231711118,1.2605244536538274,0.15673388789516568,33.023017697036266,30718851.9540194,99.26409603366417,False,False,False
0ad09,original,gpt-4-turbo,gpt-4-turbo_1,gpt-4-turbo,original,gemini-v15-pro,claude-v3-sonnet_1,original,original,original,original,original,original,claude-v3-sonnet,claude-v3-sonnet_1,11.45944843279249,2.542027325664824,0.2052990839066039,32.66616395674646,30320163.41748288,99.215812554282,False,False,False
2962c,mistral-large,gpt-4-turbo,original,gpt-4-turbo,original,original,claude-v3-sonnet_1,original,original,original,original,original,original,claude-v3-sonnet,claude-v3-sonnet_1,11.433819275626336,3.003404635519482,0.11104785542931293,32.67561958171427,30176624.25851989,99.30951705093133,False,False,False
fcb79,mistral-large,claude-v3-sonnet_1,claude-v3-sonnet,gemini-v15-pro,gpt-4-turbo,gemini-v15-pro,gpt-4-turbo,gemini-v15-pro,gemini-v15-pro,claude-v3-sonnet,gemini-v15-pro,original,original,original,claude-v3-sonnet_1,0.9817473001336481,1.0870347643086287,-0.05535508745007556,36.53180853463709,30772826.35537261,99.47495472485235,False,False,True
649a7,original,original,claude-v3-sonnet,original,gpt-4-turbo,gemini-v15-pro,original,gpt-4-turbo,gemini-v15-pro,claude-v3-sonnet,original,gpt-4-turbo,claude-v3-sonnet,original,original,0.4758343110001006,0.9575937391834511,0.014967553155729818,36.71846014633775,30813096.77068113,99.40504001129923,False,False,False
6a171,gpt-4-turbo,claude-v3-sonnet_1,gpt-4-turbo_1,claude-v3-sonnet_1,original,gemini-v15-pro,original,gpt-4-turbo,gemini-v15-pro,claude-v3-sonnet,gemini-v15-pro,gpt-4-turbo,claude-v3-sonnet,claude-v3-sonnet,original,0.8307413279549417,1.3274832351897083,-0.04045581901473922,36.58752069994807,30698020.398193922,99.46014188398298,False,False,True
e147a,original,gpt-4-turbo,claude-v3-sonnet,gemini-v15-pro,original,original,claude-v3-sonnet,gpt-4-turbo_1,original,claude-v3-sonnet,original,original,claude-v3-sonnet,original,claude-v3-sonnet_1,2.227384906916044,0.051147453008304145,0.09200351488864822,36.0722428150475,31095101.400695752,99.32845091920247,False,False,False
a1c1b,mistral-large,claude-v3-sonnet_1,claude-v3-sonnet,gemini-v15-pro,gpt-4-turbo,original,gpt-4-turbo,original,original,original,gemini-v15-pro,original,claude-v3-sonnet,gemini-v15-pro,claude-v3-sonnet_1,1.5642508150384238,1.3666562940805724,0.04495844563281309,36.31689960323274,30685833.2624005,99.37522308976907,False,False,False
e2823,mistral-large,original,original,claude-v3-sonnet_1,original,original,claude-v3-sonnet_1,gemini-v15-pro,original,original,original,gpt-4-turbo,original,gemini-v15-pro,original,-0.5942215748037191,-0.030259179774319626,-0.032629246189910144,37.113246720284224,31120427.829529688,99.45236071148382,True,True,True
09fbb,gpt-4-turbo,gpt-4-turbo,gpt-4-turbo_1,original,original,gemini-v15-pro,claude-v3-sonnet_1,gpt-4-turbo,original,claude-v3-sonnet,gemini-v15-pro,gpt-4-turbo,original,claude-v3-sonnet,original,0.4686584903009448,1.151164796554767,0.07695845246767957,36.721107594668865,30752874.85213163,99.3434087083368,False,False,False
8e060,original,claude-v3-sonnet_1,original,gpt-4-turbo,original,original,claude-v3-sonnet_1,original,original,claude-v3-sonnet,original,original,original,claude-v3-sonnet,claude-v3-sonnet_1,11.162396663966067,2.7934939725702317,0.10935157761889382,32.77575827948749,30241929.594030626,99.311203488986,False,False,False
aac6b,original,claude-v3-sonnet_1,claude-v3-sonnet,gpt-4-turbo,original,gemini-v15-pro,original,gemini-v15-pro,original,claude-v3-sonnet,original,gpt-4-turbo,claude-v3-sonnet,claude-v3-sonnet,claude-v3-sonnet_1,11.163118159739975,2.155387112084068,0.07785168731478899,32.77549209073186,30440451.108041685,99.34252065495977,False,False,False
37f36,original,original,gpt-4-turbo_1,gpt-4-turbo,original,gemini-v15-pro,claude-v3-sonnet,gemini-v15-pro,original,claude-v3-sonnet,gemini-v15-pro,original,claude-v3-sonnet,claude-v3-sonnet,claude-v3-sonnet_1,11.519614412132682,1.6771480267206647,0.10662718947700847,32.64396631158888,30589236.13632562,99.31391207351733,False,False,False
a2aad,original,gpt-4-turbo,gpt-4-turbo_1,gpt-4-turbo,original,original,claude-v3-sonnet_1,original,original,original,gemini-v15-pro,original,original,claude-v3-sonnet,original,11.689411186872304,0.6168931649309704,0.13066051292195235,32.5813214648515,30919092.173666626,99.29001816239699,False,False,False
62c96,mistral-large,gpt-4-turbo,claude-v3-sonnet,gpt-4-turbo,original,original,gpt-4-turbo,gemini-v15-pro,original,claude-v3-sonnet,gemini-v15-pro,original,original,gemini-v15-pro,claude-v3-sonnet_1,11.866707793785361,1.7562286006212788,0.1153563426302492,32.51590962894261,30564633.3679936,99.30523355637104,False,False,False
53a3a,gpt-4-turbo,gpt-4-turbo,original,claude-v3-sonnet_1,original,original,gpt-4-turbo,original,original,original,gemini-v15-pro,gpt-4-turbo,claude-v3-sonnet,gemini-v15-pro,claude-v3-sonnet_1,2.4630221379919437,1.682206360836161,0.04629701171248242,35.98530678078532,30587662.43729625,99.3738922884336,False,False,False
57923,original,gpt-4-turbo,original,gpt-4-turbo,original,gemini-v15-pro,claude-v3-sonnet,gpt-4-turbo_1,gemini-v15-pro,claude-v3-sonnet,original,original,claude-v3-sonnet,claude-v3-sonnet,original,11.310414801830932,2.220676108652008,0.0963374113462861,32.72114844620228,30420139.039249547,99.3241421627793,False,False,False
e699d,gpt-4-turbo,gpt-4-turbo,gpt-4-turbo_1,claude-v3-sonnet_1,original,gemini-v15-pro,claude-v3-sonnet_1,original,original,original,original,gpt-4-turbo,claude-v3-sonnet,claude-v3-sonnet,claude-v3-sonnet_1,1.1757793536397556,0.5138772163572114,-0.003519756751657267,36.460222320631146,30951141.479738288,99.42342008015626,False,False,True
e1eab,mistral-large,claude-v3-sonnet_1,gpt-4-turbo_1,gemini-v15-pro,original,gemini-v15-pro,claude-v3-sonnet_1,gpt-4-turbo_1,original,claude-v3-sonnet,original,gpt-4-turbo,claude-v3-sonnet,original,claude-v3-sonnet_1,1.0289447982172288,0.796608494876025,-0.020430920786732004,36.514395482838154,30863180.912401535,99.44023314603628,False,False,True
a652f,mistral-large,gpt-4-turbo,gpt-4-turbo_1,gemini-v15-pro,original,gemini-v15-pro,claude-v3-sonnet_1,gpt-4-turbo_1,original,claude-v3-sonnet,original,gpt-4-turbo,claude-v3-sonnet,claude-v3-sonnet,claude-v3-sonnet_1,1.0192984215806729,0.7454396493896517,0.04440391418763191,36.51795441843569,30879100.05902913,99.37577440449235,False,False,False
5e4d4,gpt-4-turbo,gpt-4-turbo,original,gpt-4-turbo,mistral-large,original,gpt-4-turbo,gemini-v15-pro,original,original,original,gpt-4-turbo,original,claude-v3-sonnet,original,11.574016341545615,1.148442899471436,0.10683267758423705,32.623895255848765,30753721.66191135,99.31370777740399,False,False,False
f6ea7,original,gpt-4-turbo,claude-v3-sonnet,gpt-4-turbo,original,original,claude-v3-sonnet,original,original,original,original,original,original,claude-v3-sonnet,claude-v3-sonnet_1,11.464743827773592,1.9845549096013504,0.16853707686753538,32.664210272952914,30493598.738287933,99.25236131254296,False,False,False
9a78e,mistral-large,claude-v3-sonnet_1,original,gpt-4-turbo,mistral-large,original,claude-v3-sonnet,gemini-v15-pro,original,original,original,gpt-4-turbo,claude-v3-sonnet,gemini-v15-pro,claude-v3-sonnet_1,11.39255494168912,1.7334947539733978,0.09602979881267877,32.69084365107119,30571706.098182388,99.3244479909164,False,False,False
b9e7f,mistral-large,gpt-4-turbo,original,gemini-v15-pro,gpt-4-turbo,original,gpt-4-turbo,original,original,original,gemini-v15-pro,original,original,gemini-v15-pro,claude-v3-sonnet_1,2.7231722118412005,0.4366132788383277,0.031222187860445914,35.889326974749565,30975179.07407322,99.3888796663591,False,False,False
587a2,original,gpt-4-turbo,gpt-4-turbo_1,gpt-4-turbo,mistral-large,gemini-v15-pro,gpt-4-turbo,original,original,original,original,gpt-4-turbo,original,gemini-v15-pro,original,11.680806687513385,2.9162614606938666,0.1712587893027284,32.58449601009488,30203735.383745737,99.2496553881971,False,False,False
f8761,gpt-4-turbo,original,gpt-4-turbo_1,gpt-4-turbo,original,gemini-v15-pro,gpt-4-turbo,gemini-v15-pro,original,original,original,gpt-4-turbo,original,gemini-v15-pro,original,11.4191463843586,2.977211291056472,0.035261903397581194,32.68103300035,30184773.273554534,99.38486338437393,False,False,False
04ddb,original,claude-v3-sonnet_1,claude-v3-sonnet,gpt-4-turbo,mistral-large,gemini-v15-pro,gpt-4-turbo,gemini-v15-pro,original,original,original,original,original,gemini-v15-pro,claude-v3-sonnet_1,11.245187184486651,0.9222484980709197,0.16975853261178608,32.745213532820344,30824093.03355378,99.25114694221014,False,False,False
13961,mistral-large,gpt-4-turbo,original,gpt-4-turbo,mistral-large,gemini-v15-pro,original,original,original,original,gemini-v15-pro,original,claude-v3-sonnet,claude-v3-sonnet,original,11.641389175561283,0.9255814554116865,0.18493848883989497,32.59903871268034,30823056.116732482,99.23605504175967,False,False,False
f00ed,original,gpt-4-turbo,gpt-4-turbo_1,gpt-4-turbo,original,gemini-v15-pro,claude-v3-sonnet_1,original,gemini-v15-pro,original,original,original,original,claude-v3-sonnet,original,11.472688757949388,1.852407351737241,0.12878171431185403,32.66127906925976,30534711.18337285,99.29188606248603,False,False,False
0898f,mistral-large,claude-v3-sonnet_1,original,gpt-4-turbo,mistral-large,gemini-v15-pro,claude-v3-sonnet,gpt-4-turbo_1,original,claude-v3-sonnet,original,gpt-4-turbo,claude-v3-sonnet,claude-v3-sonnet,claude-v3-sonnet_1,11.488114759560696,1.70016393209287,0.049773383852347065,32.65558779798448,30582075.654807925,99.37043608200749,False,False,False
1bfe1,mistral-large,gpt-4-turbo,original,claude-v3-sonnet_1,mistral-large,original,gpt-4-turbo,gemini-v15-pro,original,original,gemini-v15-pro,original,original,claude-v3-sonnet,claude-v3-sonnet_1,2.1456253990046337,1.245803163373406,0.06403647926999465,36.102407179772854,30723431.89668361,99.35625572384808,False,False,False
79d8b,gpt-4-turbo,original,original,gpt-4-turbo,original,gemini-v15-pro,gpt-4-turbo,gpt-4-turbo,original,original,original,original,original,gemini-v15-pro,original,11.325174635689564,1.7228188213392555,0.14119795915620367,32.71570295095444,30575027.489067286,99.2795418417028,False,False,False
6d003,original,claude-v3-sonnet_1,original,gpt-4-turbo,mistral-large,gemini-v15-pro,claude-v3-sonnet,gemini-v15-pro,original,claude-v3-sonnet,original,original,claude-v3-sonnet,gemini-v15-pro,original,11.10963181088243,0.8518491788504703,0.10730582935909812,32.795225352048874,30845994.97553626,99.31323737028444,False,False,False
8e292,mistral-large,gpt-4-turbo,claude-v3-sonnet,gpt-4-turbo,original,original,gpt-4-turbo,gemini-v15-pro,original,claude-v3-sonnet,gemini-v15-pro,original,original,claude-v3-sonnet,claude-v3-sonnet_1,10.953360483117306,2.094492085016255,0.12952965725020385,32.85288011841476,30459396.168372232,99.29114245820953,False,False,False
fa51d,mistral-large,gpt-4-turbo,original,claude-v3-sonnet_1,mistral-large,original,gpt-4-turbo,original,original,original,gemini-v15-pro,gpt-4-turbo,claude-v3-sonnet,gemini-v15-pro,original,2.2290508362101487,0.9411998343816467,0.03453243160073567,36.07162818685174,30818197.080681447,99.38558862465618,False,False,False
3eae1,mistral-large,claude-v3-sonnet_1,original,gpt-4-turbo,original,original,claude-v3-sonnet,gemini-v15-pro,original,claude-v3-sonnet,gemini-v15-pro,gpt-4-turbo,original,claude-v3-sonnet,claude-v3-sonnet_1,11.061608638384724,2.506497494713819,0.0692831046221599,32.8129430282861,30331217.108125817,99.35103953308139,False,False,False
97f0b,mistral-large,gpt-4-turbo,original,gpt-4-turbo,original,original,claude-v3-sonnet_1,original,original,original,original,original,original,claude-v3-sonnet,original,11.711804732680541,1.799444915622292,0.16708819236530578,32.573059586808085,30551188.334230065,99.2538017923667,False,False,False
3c624,gpt-4-turbo,original,original,gpt-4-turbo,original,original,gpt-4-turbo,gemini-v15-pro,original,original,original,original,original,gemini-v15-pro,claude-v3-sonnet_1,11.216285747706513,2.362059933427399,0.018013915771194152,32.75587643310428,30376153.097882766,99.40201132000146,False,False,False
76672,original,original,claude-v3-sonnet,gpt-4-turbo,original,gemini-v15-pro,claude-v3-sonnet,gemini-v15-pro,original,claude-v3-sonnet,gemini-v15-pro,gpt-4-turbo,claude-v3-sonnet,claude-v3-sonnet,claude-v3-sonnet_1,11.479041569915157,2.0787207871628484,0.12161433743508217,32.65893526189029,30464302.77903834,99.29901186289611,False,False,False
ca800,mistral-large,gpt-4-turbo,gpt-4-turbo_1,original,original,original,gpt-4-turbo,gpt-4-turbo_1,original,original,gemini-v15-pro,original,claude-v3-sonnet,gemini-v15-pro,original,2.922207525952957,0.3574094524796393,0.10709429250391246,35.81589485704899,30999820.187494595,99.3134476800582,False,False,False
db11f,mistral-large,gpt-4-turbo,gpt-4-turbo_1,claude-v3-sonnet_1,mistral-large,original,gpt-4-turbo,gpt-4-turbo_1,original,original,gemini-v15-pro,gpt-4-turbo,original,gemini-v15-pro,claude-v3-sonnet_1,2.5303938259668404,0.80798260666518,0.06112003628141391,35.960450660437346,30859642.31090273,99.35915524915578,False,False,False
c9435,original,claude-v3-sonnet_1,original,gpt-4-turbo,original,gemini-v15-pro,claude-v3-sonnet_1,original,gemini-v15-pro,original,original,original,original,claude-v3-sonnet,claude-v3-sonnet_1,11.429487014319701,1.8639821153062364,0.0851528229564615,32.67721792683005,30531110.157070946,99.33526187169164,False,False,False
8fa67,original,gpt-4-turbo,gpt-4-turbo_1,gpt-4-turbo,mistral-large,gemini-v15-pro,gpt-4-turbo,original,original,original,original,original,original,claude-v3-sonnet,original,11.954618223687081,2.0938357892878923,0.13948280334386928,32.48347594216466,30459600.348627456,99.281247048252,False,False,False
57ee6,original,original,gpt-4-turbo_1,original,gpt-4-turbo,gemini-v15-pro,gpt-4-turbo,gpt-4-turbo,gemini-v15-pro,claude-v3-sonnet,original,gpt-4-turbo,original,original,original,0.8568040570834475,1.000634532913621,-0.011757577289667918,36.57790511287749,30799706.34336455,99.43161011480592,False,False,True
369b6,gpt-4-turbo,original,gpt-4-turbo_1,original,original,original,claude-v3-sonnet,gemini-v15-pro,original,original,gemini-v15-pro,original,original,claude-v3-sonnet,original,1.9652218048779166,0.07456533714475025,0.02546400646139781,36.16896530799568,31087815.859508872,99.39460444574215,False,False,False
16a22,mistral-large,gpt-4-turbo,gpt-4-turbo_1,gpt-4-turbo,mistral-large,original,gpt-4-turbo,gemini-v15-pro,original,original,original,original,original,gemini-v15-pro,original,11.870957368502731,1.2055922637879855,0.14147502073184198,32.51434179022908,30735941.91523969,99.27926638730389,False,False,False
91e37,gpt-4-turbo,gpt-4-turbo,gpt-4-turbo_1,original,original,original,gpt-4-turbo,gpt-4-turbo_1,original,original,gemini-v15-pro,original,original,gemini-v15-pro,original,2.4673459226357757,0.817259643334222,0.04186589794688515,35.98371156305075,30856756.130735867,99.37829769822729,False,False,False
64a2d,mistral-large,claude-v3-sonnet_1,original,gpt-4-turbo,mistral-large,original,gpt-4-turbo,gpt-4-turbo_1,original,original,original,original,claude-v3-sonnet,original,claude-v3-sonnet_1,11.107350361769676,1.9654533379386803,0.07920022935822812,32.79606707021594,30499541.43090148,99.34117993552903,False,False,False
0e2f5,mistral-large,gpt-4-turbo,original,gpt-4-turbo,mistral-large,original,claude-v3-sonnet_1,original,original,original,original,original,original,gemini-v15-pro,claude-v3-sonnet_1,11.841794306265136,2.379504578871841,0.17450859209379926,32.52510121464729,30370725.891815152,99.24642443683798,False,False,False
b6529,mistral-large,claude-v3-sonnet_1,gpt-4-turbo_1,gpt-4-turbo,original,gemini-v15-pro,claude-v3-sonnet_1,original,original,original,original,gpt-4-turbo,claude-v3-sonnet,claude-v3-sonnet,claude-v3-sonnet_1,11.213126330389697,2.617253054413702,0.08298351413932906,32.757042068988085,30296759.930561528,99.33741859679826,False,False,False
e40b3,original,claude-v3-sonnet_1,claude-v3-sonnet,gemini-v15-pro,gpt-4-turbo,original,gpt-4-turbo,original,original,claude-v3-sonnet,gemini-v15-pro,gpt-4-turbo,original,claude-v3-sonnet,claude-v3-sonnet_1,1.8836221671298736,0.45709515536272993,0.025250401596774746,36.19907069019973,30968806.95462239,99.39481681152925,False,False,False
c0b22,gpt-4-turbo,original,claude-v3-sonnet,gpt-4-turbo,original,original,claude-v3-sonnet_1,gemini-v15-pro,original,claude-v3-sonnet,gemini-v15-pro,gpt-4-turbo,claude-v3-sonnet,claude-v3-sonnet,claude-v3-sonnet_1,11.307683120251212,2.36871545445465,0.06867575536853535,32.72215627320111,30374082.4978114,99.35164335922796,False,False,False
fd554,original,gpt-4-turbo,gpt-4-turbo_1,gpt-4-turbo,original,original,claude-v3-sonnet_1,original,original,original,original,original,original,claude-v3-sonnet,original,11.601013987512136,2.3693537330500396,0.10716527174304316,32.613934740424156,30373883.92286892,99.31337711255492,False,False,False
d667a,original,gpt-4-turbo,original,gpt-4-turbo,mistral-large,gemini-v15-pro,gpt-4-turbo,original,original,original,original,gpt-4-turbo,claude-v3-sonnet,claude-v3-sonnet,original,11.547772734872014,2.15974612372181,0.13647078929319933,32.63357757590711,30439094.975325517,99.28424159023388,False,False,False
b9720,mistral-large,original,original,gpt-4-turbo,original,gemini-v15-pro,claude-v3-sonnet_1,original,original,original,original,original,original,claude-v3-sonnet,original,10.90081197425904,1.2865458954586404,0.1578325295785156,32.87226737290621,30710756.41964463,99.26300376497336,False,False,False
61009,mistral-large,gpt-4-turbo,gpt-4-turbo_1,gpt-4-turbo,original,original,gpt-4-turbo,original,original,claude-v3-sonnet,gemini-v15-pro,original,original,gemini-v15-pro,claude-v3-sonnet_1,11.63755449789518,2.1549575195124713,0.12756338917460938,32.6004534792155,30440584.758646313,99.29309732037184,False,False,False
d5d58,gpt-4-turbo,gpt-4-turbo,gpt-4-turbo_1,gpt-4-turbo,original,gemini-v15-pro,claude-v3-sonnet_1,original,gemini-v15-pro,original,original,gpt-4-turbo,original,claude-v3-sonnet,original,11.2809456760263,0.8306448398233479,0.22170977630923308,32.73202078975737,30852591.860396676,99.19949705690229,False,False,False
b3dc6,original,gpt-4-turbo,gpt-4-turbo_1,gpt-4-turbo,original,gemini-v15-pro,original,original,original,original,original,original,claude-v3-sonnet,claude-v3-sonnet,claude-v3-sonnet_1,11.231133826704585,2.0916677166546314,0.12413879251332757,32.75039838068187,30460274.858005576,99.29650205165818,False,False,False
acf01,original,gpt-4-turbo,claude-v3-sonnet,gpt-4-turbo,original,gemini-v15-pro,gpt-4-turbo,original,original,original,gemini-v15-pro,gpt-4-turbo,original,claude-v3-sonnet,original,11.613737296821755,1.8987136508220899,0.15447573767428863,32.60924060083926,30520304.824231736,99.26634108482398,False,False,False
13b1d,mistral-large,claude-v3-sonnet_1,gpt-4-turbo_1,gpt-4-turbo,original,gemini-v15-pro,claude-v3-sonnet_1,original,original,original,gemini-v15-pro,original,original,claude-v3-sonnet,claude-v3-sonnet_1,11.36102494175555,2.303579089646651,0.13156689941358296,32.70247633382678,30394347.0813155,99.2891170336654,False,False,False
84900,mistral-large,gpt-4-turbo,gpt-4-turbo_1,gpt-4-turbo,original,gemini-v15-pro,claude-v3-sonnet,gemini-v15-pro,original,original,original,gpt-4-turbo,claude-v3-sonnet,claude-v3-sonnet,claude-v3-sonnet_1,11.266773170393055,1.9551622664080093,0.11474852438838559,32.73724959604442,30502743.087595012,99.30583784878534,False,False,False
c5d62,gpt-4-turbo,original,claude-v3-sonnet,gpt-4-turbo,original,original,claude-v3-sonnet_1,gemini-v15-pro,original,claude-v3-sonnet,gemini-v15-pro,gpt-4-turbo,original,claude-v3-sonnet,claude-v3-sonnet_1,11.175533815161662,2.4893051299820743,0.1252706465603506,32.770911457017064,30336565.827105857,99.29537676326173,False,False,False
aeac5,mistral-large,gpt-4-turbo,gpt-4-turbo_1,gpt-4-turbo,original,original,claude-v3-sonnet_1,original,original,original,gemini-v15-pro,original,original,gemini-v15-pro,original,11.465160042519317,2.785507366964431,0.10648112201330766,32.66405671462417,30244414.30801014,99.31405729367397,False,False,False
b3d8b,mistral-large,gpt-4-turbo,gpt-4-turbo_1,gpt-4-turbo,mistral-large,gemini-v15-pro,gpt-4-turbo,gemini-v15-pro,original,original,original,gpt-4-turbo,original,gemini-v15-pro,claude-v3-sonnet_1,11.488508911759403,2.2142755611119744,0.14173261259260408,32.655442379415035,30422130.314483885,99.27901028968009,False,False,False
fb55b,original,claude-v3-sonnet_1,gpt-4-turbo_1,gpt-4-turbo,original,gemini-v15-pro,claude-v3-sonnet,gemini-v15-pro,original,claude-v3-sonnet,gemini-v15-pro,gpt-4-turbo,claude-v3-sonnet,claude-v3-sonnet,claude-v3-sonnet_1,8.98580084594011,2.239234211099766,0.10186988169541412,33.57879185676575,30414365.42541895,99.31864178514319,False,False,False
abc41,original,claude-v3-sonnet_1,claude-v3-sonnet,gpt-4-turbo,original,gemini-v15-pro,claude-v3-sonnet,gemini-v15-pro,original,claude-v3-sonnet,original,gpt-4-turbo,claude-v3-sonnet,claude-v3-sonnet,claude-v3-sonnet_1,10.928157254275929,1.7566089124925066,0.12718073275014594,32.86217860132456,30564515.04911451,99.29347775708575,False,False,False
59b1f,original,gpt-4-turbo,original,gpt-4-turbo,mistral-large,gemini-v15-pro,original,original,original,original,original,original,claude-v3-sonnet,original,original,11.832602226248943,2.273305840142248,0.15399446223142413,32.528492541983724,30403765.396174345,99.26681956848782,False,False,False
6c8ad,mistral-large,claude-v3-sonnet_1,gpt-4-turbo_1,original,original,original,gpt-4-turbo,gemini-v15-pro,original,original,gemini-v15-pro,gpt-4-turbo,claude-v3-sonnet,claude-v3-sonnet,claude-v3-sonnet_1,2.069172019478206,1.0400637050872448,0.030699854543396306,36.13061390072107,30787439.52813215,99.38939896972892,False,False,False
9e280,mistral-large,gpt-4-turbo,gpt-4-turbo_1,gpt-4-turbo,original,original,claude-v3-sonnet_1,original,original,original,original,original,original,claude-v3-sonnet,original,11.02534896352582,1.8463725913301778,0.07936658278539456,32.82632067799568,30536588.658521436,99.34101454708359,False,False,False
390b9,mistral-large,gpt-4-turbo,gpt-4-turbo_1,gpt-4-turbo,original,original,claude-v3-sonnet_1,original,original,original,gemini-v15-pro,gpt-4-turbo,original,gemini-v15-pro,original,11.466375421282278,1.4309783550431487,0.1051097960117219,32.66360831260681,30665822.017078873,99.31542066489784,False,False,False
4cc9a,original,claude-v3-sonnet_1,claude-v3-sonnet,gpt-4-turbo,mistral-large,original,gpt-4-turbo,gemini-v15-pro,original,original,gemini-v15-pro,gpt-4-turbo,original,gemini-v15-pro,claude-v3-sonnet_1,11.390474882736687,1.0273733279491506,0.1291423507189666,32.691611068323255,30791387.63312652,99.29152751805591,False,False,False
3c6bb,original,claude-v3-sonnet_1,claude-v3-sonnet,gpt-4-turbo,original,gemini-v15-pro,claude-v3-sonnet,gemini-v15-pro,original,claude-v3-sonnet,original,gpt-4-turbo,original,gemini-v15-pro,claude-v3-sonnet_1,11.06786369862615,2.4770472229115112,0.15422170743451308,32.81063528545201,30340379.386277437,99.26659364148702,False,False,False
383ca,mistral-large,original,original,gpt-4-turbo,mistral-large,original,gpt-4-turbo,gemini-v15-pro,original,original,gemini-v15-pro,gpt-4-turbo,original,gemini-v15-pro,claude-v3-sonnet_1,11.046509303831158,2.375667255406861,0.14754254083506838,32.818513778969646,30371919.72205142,99.27323406362633,False,False,False
080d0,mistral-large,gpt-4-turbo,gpt-4-turbo_1,claude-v3-sonnet_1,original,gemini-v15-pro,claude-v3-sonnet_1,original,original,original,original,original,original,gemini-v15-pro,claude-v3-sonnet_1,1.2405702789635489,1.0841619370310955,0.06889951704026143,36.436318347230554,30773720.121066015,99.35142089555129,False,False,False
3c645,original,gpt-4-turbo,gpt-4-turbo_1,gpt-4-turbo,original,gemini-v15-pro,claude-v3-sonnet_1,original,original,original,original,original,original,claude-v3-sonnet,original,11.648177488069027,1.762954676381517,0.11555521681784642,32.59653423167765,30562540.817629453,99.30503583581135,False,False,False
5500b,mistral-large,original,claude-v3-sonnet,gpt-4-turbo,mistral-large,original,claude-v3-sonnet,gemini-v15-pro,original,claude-v3-sonnet,gemini-v15-pro,gpt-4-turbo,original,gemini-v15-pro,claude-v3-sonnet_1,11.11242222831387,1.7390687339262318,0.07349881444590328,32.79419585503638,30569971.97650493,99.34684827771596,False,False,False
6cd0c,original,original,original,gpt-4-turbo,mistral-large,original,gpt-4-turbo,gemini-v15-pro,original,original,gemini-v15-pro,original,claude-v3-sonnet,gemini-v15-pro,claude-v3-sonnet_1,11.198443200484581,1.232628551074732,0.13020538767580825,32.76245926506817,30727530.652146056,99.29047064755598,False,False,False
2aa7d,original,claude-v3-sonnet_1,gpt-4-turbo_1,gpt-4-turbo,original,gemini-v15-pro,claude-v3-sonnet,gemini-v15-pro,original,claude-v3-sonnet,original,gpt-4-turbo,claude-v3-sonnet,gemini-v15-pro,claude-v3-sonnet_1,10.761327791137647,2.3333460084656026,0.10003733644859616,32.92372868768871,30385086.291066542,99.32046370017511,False,False,False
42639,mistral-large,gpt-4-turbo,original,gpt-4-turbo,original,original,claude-v3-sonnet_1,original,original,claude-v3-sonnet,original,original,original,claude-v3-sonnet,claude-v3-sonnet_1,11.564504728196836,2.1868079401168994,0.1175766122547926,32.627404471859336,30430675.76986744,99.30302616607008,False,False,False
dee6a,original,claude-v3-sonnet_1,gpt-4-turbo_1,original,original,gemini-v15-pro,claude-v3-sonnet,gemini-v15-pro,original,original,original,gpt-4-turbo,claude-v3-sonnet,claude-v3-sonnet,original,-0.4919934253008085,1.2208388882462715,0.0012565995114305576,37.0755306519568,30731198.535786428,99.4186714305452,True,False,False
bf4ac,original,gpt-4-turbo,original,gpt-4-turbo,mistral-large,gemini-v15-pro,gpt-4-turbo,original,original,original,gemini-v15-pro,original,original,claude-v3-sonnet,claude-v3-sonnet_1,11.845356473610767,1.5316482493554142,0.13954870416608378,32.52378698810935,30634502.592274416,99.28118152970679,False,False,False
73803,mistral-large,claude-v3-sonnet_1,gpt-4-turbo_1,gpt-4-turbo,original,gemini-v15-pro,claude-v3-sonnet_1,original,original,claude-v3-sonnet,original,gpt-4-turbo,original,claude-v3-sonnet,claude-v3-sonnet_1,10.595748719065206,1.8672624694582487,0.1325854123514038,32.98481745459139,30530089.60563501,99.28810442890989,False,False,False
b8d9d,original,claude-v3-sonnet_1,original,gpt-4-turbo,original,original,claude-v3-sonnet_1,original,original,claude-v3-sonnet,original,original,original,claude-v3-sonnet,original,10.692115400126605,2.0001577630355487,0.11640490108118255,32.949263917282224,30488744.532388486,99.3041910803902,False,False,False
a81e5,gpt-4-turbo,original,original,gpt-4-turbo,original,gemini-v15-pro,gpt-4-turbo,gemini-v15-pro,original,original,gemini-v15-pro,original,original,gemini-v15-pro,original,11.23671451515697,2.7629174824185303,0.05643130808489166,32.74833944067359,30251442.25012938,99.36381677901251,False,False,False
ecf6b,gpt-4-turbo,original,original,gpt-4-turbo,original,original,claude-v3-sonnet_1,gemini-v15-pro,original,claude-v3-sonnet,gemini-v15-pro,original,original,gemini-v15-pro,claude-v3-sonnet_1,10.855559044836278,1.7889858678262536,0.1473505282725033,32.888962995260954,30554442.250042852,99.27342496236385,False,False,False
ef82a,original,gpt-4-turbo,claude-v3-sonnet,gpt-4-turbo,original,gemini-v15-pro,claude-v3-sonnet,original,original,claude-v3-sonnet,original,original,original,claude-v3-sonnet,claude-v3-sonnet_1,10.88709522430247,2.2206711128883074,0.08142009495377052,32.8773280326277,30420140.593482286,99.33897294691339,False,False,False
3259f,original,gpt-4-turbo,gpt-4-turbo_1,gpt-4-turbo,mistral-large,original,claude-v3-sonnet_1,original,original,original,original,original,original,claude-v3-sonnet,claude-v3-sonnet_1,10.447946465999676,2.1511621191202357,0.17563862355975957,33.03934763930738,30441765.546189595,99.24530096045018,False,False,False
4a7ae,original,gpt-4-turbo,gpt-4-turbo_1,gpt-4-turbo,original,original,claude-v3-sonnet_1,original,original,original,original,original,original,claude-v3-sonnet,claude-v3-sonnet_1,11.157470809074583,1.4213851377203972,0.17626333258300317,32.77757562510669,30668806.564252835,99.24467987523441,False,False,False
b9d40,mistral-large,gpt-4-turbo,gpt-4-turbo_1,gpt-4-turbo,original,original,claude-v3-sonnet_1,original,original,original,original,gpt-4-turbo,original,gemini-v15-pro,claude-v3-sonnet_1,9.757263411863303,1.867424513834516,0.06355021839201626,33.29416834563017,30530039.191986598,99.35673916402756,False,False,False
0c978,original,gpt-4-turbo,gpt-4-turbo_1,claude-v3-sonnet_1,mistral-large,gemini-v15-pro,gpt-4-turbo,gemini-v15-pro,original,original,original,original,original,gemini-v15-pro,claude-v3-sonnet_1,0.9730080829246928,1.1139932309941392,0.09112833046846708,36.53503278270364,30764439.303057037,99.32932102685935,False,False,False
18f44,gpt-4-turbo,gpt-4-turbo,gpt-4-turbo_1,gpt-4-turbo,original,gemini-v15-pro,claude-v3-sonnet_1,original,gemini-v15-pro,original,original,gpt-4-turbo,claude-v3-sonnet,claude-v3-sonnet,original,11.66436190109356,1.0340560101048262,0.1589804037291542,32.59056315198541,30789308.582952715,99.2618625494026,False,False,False
e2d2a,mistral-large,claude-v3-sonnet_1,original,gpt-4-turbo,mistral-large,gemini-v15-pro,gpt-4-turbo,original,original,claude-v3-sonnet,original,original,original,gemini-v15-pro,original,11.374246647536381,2.7078573984454684,0.024382760079091587,32.697598315775394,30268572.000503134,99.39567942003845,False,False,False
a37ed,mistral-large,gpt-4-turbo,original,gpt-4-turbo,mistral-large,original,gpt-4-turbo,gemini-v15-pro,original,original,gemini-v15-pro,original,original,gemini-v15-pro,original,11.702364148616434,2.5462941830878854,0.1777621021160763,32.57654259726405,30318835.954877242,99.24318979975254,False,False,False
e7266,mistral-large,gpt-4-turbo,original,gpt-4-turbo,mistral-large,original,claude-v3-sonnet_1,gemini-v15-pro,original,original,gemini-v15-pro,original,original,claude-v3-sonnet,claude-v3-sonnet_1,11.824366338030293,1.484272444731217,0.1014828785717701,32.53153109177947,30649241.685432453,99.31902654334198,False,False,False
023e6,gpt-4-turbo,claude-v3-sonnet_1,gpt-4-turbo_1,gpt-4-turbo,mistral-large,gemini-v15-pro,claude-v3-sonnet_1,gemini-v15-pro,original,original,original,original,original,claude-v3-sonnet,claude-v3-sonnet_1,11.115491315403851,2.262799918075549,0.07004845915597942,32.79306354559958,30407033.89504799,99.35027861821048,False,False,False
ca9fc,mistral-large,gpt-4-turbo,gpt-4-turbo_1,gpt-4-turbo,mistral-large,gemini-v15-pro,original,original,original,original,original,original,claude-v3-sonnet,claude-v3-sonnet,original,11.949244362777886,2.0980711527877474,0.20750265383650202,32.485458575189114,30458282.684100643,99.21362176680422,False,False,False
3e740,mistral-large,gpt-4-turbo,gpt-4-turbo_1,gpt-4-turbo,mistral-large,gemini-v15-pro,claude-v3-sonnet_1,gemini-v15-pro,original,original,original,gpt-4-turbo,original,gemini-v15-pro,claude-v3-sonnet_1,11.711471820457886,2.4274667004644797,0.16746463534436407,32.57318241149187,30355804.389503613,99.25342753305529,False,False,False
644ea,original,gpt-4-turbo,claude-v3-sonnet,gpt-4-turbo,mistral-large,gemini-v15-pro,claude-v3-sonnet_1,original,original,original,original,gpt-4-turbo,original,gemini-v15-pro,original,11.906408100133055,2.6295938138103487,0.16318494188713037,32.50126259215176,30292920.59519127,99.25768240089842,False,False,False
b0e07,mistral-large,gpt-4-turbo,original,gpt-4-turbo,mistral-large,gemini-v15-pro,original,original,original,original,original,gpt-4-turbo,original,claude-v3-sonnet,original,12.002832749653237,0.620093913814434,0.08476822957043036,32.46568766795099,30918096.388236847,99.33564423413121,False,False,False
c920d,original,gpt-4-turbo,claude-v3-sonnet,gpt-4-turbo,mistral-large,gemini-v15-pro,claude-v3-sonnet_1,original,original,claude-v3-sonnet,original,original,original,gemini-v15-pro,claude-v3-sonnet_1,11.608513365308173,2.0381646997891663,0.09869008781677836,32.611167918890715,30476920.18901518,99.32180313369705,False,False,False
3ce72,mistral-large,gpt-4-turbo,original,gpt-4-turbo,original,gemini-v15-pro,gpt-4-turbo,original,original,original,original,gpt-4-turbo,original,claude-v3-sonnet,claude-v3-sonnet_1,11.51159155623303,2.379270919533598,0.14649355784847695,32.64692626520991,30370798.585604332,99.27427696168019,False,False,False
cd722,original,gpt-4-turbo,gpt-4-turbo_1,gpt-4-turbo,mistral-large,original,gpt-4-turbo,gemini-v15-pro,original,original,original,original,original,claude-v3-sonnet,original,11.882699005540022,1.698641417298712,0.2209865516372451,32.510009828954935,30582549.324597042,99.20021608629796,False,False,False
5c900,mistral-large,gpt-4-turbo,original,gpt-4-turbo,mistral-large,original,claude-v3-sonnet,original,original,original,original,original,original,claude-v3-sonnet,original,11.378483171525138,2.5888521455993074,0.14265625260463138,32.69603529199958,30305595.7412482,99.2780920075122,False,False,False
3acf2,mistral-large,gpt-4-turbo,claude-v3-sonnet,gpt-4-turbo,mistral-large,gemini-v15-pro,claude-v3-sonnet_1,original,original,original,original,original,original,gemini-v15-pro,claude-v3-sonnet_1,11.655361694555506,1.3043803084092245,0.20001142970992822,32.59388368949294,30705207.952954035,99.22106953589338,False,False,False
7c660,original,gpt-4-turbo,gpt-4-turbo_1,gpt-4-turbo,original,gemini-v15-pro,claude-v3-sonnet_1,original,gemini-v15-pro,claude-v3-sonnet,gemini-v15-pro,gpt-4-turbo,original,claude-v3-sonnet,claude-v3-sonnet_1,11.72084212243571,2.2675802126688347,0.12598550885686255,32.56972533091903,30405546.696932998,99.29466604773313,False,False,False
1929a,mistral-large,gpt-4-turbo,gpt-4-turbo_1,gpt-4-turbo,mistral-large,original,claude-v3-sonnet_1,gemini-v15-pro,original,original,original,original,original,claude-v3-sonnet,original,11.894375459615171,1.9978351904428335,0.08398973060452583,32.50570191629231,30489467.108270455,99.33641821718608,False,False,False
07d1c,original,gpt-4-turbo,gpt-4-turbo_1,gpt-4-turbo,mistral-large,gemini-v15-pro,claude-v3-sonnet_1,original,original,original,original,original,original,gemini-v15-pro,original,11.747884443797787,2.2612496336329415,0.21894985494243605,32.55974833294749,30407516.204256292,99.20224096853767,False,False,False
b7736,gpt-4-turbo,gpt-4-turbo,original,gpt-4-turbo,mistral-large,original,claude-v3-sonnet_1,gemini-v15-pro,original,original,gemini-v15-pro,gpt-4-turbo,original,gemini-v15-pro,claude-v3-sonnet_1,11.696067734983101,1.7560118615443279,0.15400597711896571,32.57886559702456,30564700.79771794,99.26680812039575,False,False,False
8cd55,original,gpt-4-turbo,original,gpt-4-turbo,mistral-large,original,claude-v3-sonnet_1,original,original,original,original,gpt-4-turbo,original,gemini-v15-pro,claude-v3-sonnet_1,10.849231208481516,2.0861745163350722,0.18501854418758737,32.89129758812487,30461983.848320104,99.23597545079645,False,False,False
cd2c4,original,gpt-4-turbo,gpt-4-turbo_1,gpt-4-turbo,mistral-large,gemini-v15-pro,original,original,original,original,original,original,original,claude-v3-sonnet,original,11.716223517541138,0.874277427241162,0.13121046218968593,32.57142931967974,30839017.32006372,99.2894714032709,False,False,False
50da9,original,gpt-4-turbo,gpt-4-turbo_1,gpt-4-turbo,original,gemini-v15-pro,claude-v3-sonnet_1,original,original,original,original,original,claude-v3-sonnet,claude-v3-sonnet,original,11.18717239940496,1.2215595113603133,0.08148550978845132,32.7666175160557,30730974.34262931,99.3389079115366,False,False,False
02e93,original,gpt-4-turbo,gpt-4-turbo_1,gpt-4-turbo,mistral-large,gemini-v15-pro,gpt-4-turbo,original,original,original,gemini-v15-pro,original,original,gemini-v15-pro,original,11.367025742502012,2.825757154509221,0.21708308063513057,32.700262397527695,30231892.191015616,99.2040969140744,False,False,False
b8240,mistral-large,gpt-4-turbo,original,gpt-4-turbo,mistral-large,gemini-v15-pro,claude-v3-sonnet_1,original,original,original,gemini-v15-pro,original,claude-v3-sonnet,claude-v3-sonnet,claude-v3-sonnet_1,11.939387412508921,0.9893335658713155,0.18771365149508612,32.48909519985318,30803222.188791003,99.23329597724745,False,False,False
801a7,original,gpt-4-turbo,gpt-4-turbo_1,gpt-4-turbo,original,original,original,gpt-4-turbo_1,original,original,original,original,claude-v3-sonnet,gemini-v15-pro,claude-v3-sonnet_1,11.357850676395076,1.5345094078209747,0.16589921517144016,32.70364744774997,30633612.456866726,99.25498387255047,False,False,False
39166,original,gpt-4-turbo,original,original,original,gemini-v15-pro,gpt-4-turbo,original,original,original,original,original,original,claude-v3-sonnet,original,0.9262948299806778,0.915527178962185,0.11071765579030043,36.552267177030444,30826184.104075417,99.30984533515073,False,False,False
856a9,mistral-large,original,original,gpt-4-turbo,mistral-large,original,gpt-4-turbo,original,original,original,gemini-v15-pro,original,claude-v3-sonnet,gemini-v15-pro,original,11.427655484658368,3.0858804086869522,0.08721889682199283,32.677893651649356,30150965.209272303,99.33320778269209,False,False,False
384f9,original,gpt-4-turbo,gpt-4-turbo_1,gpt-4-turbo,mistral-large,original,gpt-4-turbo,original,original,original,gemini-v15-pro,original,original,gemini-v15-pro,original,11.885801499466075,1.7293439466147282,0.18653302215995812,32.508865194395185,30572997.45643637,99.23446975799668,False,False,False
95fc0,original,gpt-4-turbo,gpt-4-turbo_1,gpt-4-turbo,original,original,original,original,original,original,original,original,claude-v3-sonnet,claude-v3-sonnet,claude-v3-sonnet_1,11.493998729780712,1.9272984743034347,0.16634199054549412,32.653416965156794,30511411.79582748,99.25454366562452,False,False,False
c25ba,mistral-large,gpt-4-turbo,claude-v3-sonnet,gpt-4-turbo,original,gemini-v15-pro,claude-v3-sonnet,original,original,original,original,original,original,claude-v3-sonnet,claude-v3-sonnet_1,11.506538975485087,1.6367142448667051,0.1521947463704708,32.648790365085006,30601815.49581523,99.26860884457034,False,False,False
6c2ea,original,gpt-4-turbo,gpt-4-turbo_1,gpt-4-turbo,mistral-large,gemini-v15-pro,gpt-4-turbo,original,original,original,original,gpt-4-turbo,original,claude-v3-sonnet,original,11.759859459164257,1.3004641202325307,0.11272015485329157,32.55533026903868,30706426.31880172,99.30785445216947,False,False,False
65a35,mistral-large,gpt-4-turbo,claude-v3-sonnet,gpt-4-turbo,mistral-large,gemini-v15-pro,gpt-4-turbo,original,original,original,gemini-v15-pro,original,original,claude-v3-sonnet,original,11.688835460416493,2.1001794332904784,0.13131159051977453,32.581533873453736,30457626.776660558,99.28937086156527,False,False,False
0a773,mistral-large,gpt-4-turbo,original,gpt-4-turbo,gpt-4-turbo,original,claude-v3-sonnet_1,gpt-4-turbo,original,original,original,original,original,claude-v3-sonnet,claude-v3-sonnet_1,11.293777147351328,2.125009303208324,0.17654289293563477,32.727286744862795,30449901.952381074,99.2444019365534,False,False,False
5c451,original,gpt-4-turbo,original,gpt-4-turbo,mistral-large,gemini-v15-pro,claude-v3-sonnet_1,original,original,original,original,original,original,claude-v3-sonnet,claude-v3-sonnet_1,9.53909769857158,2.0699628727964106,0.1538798512099586,33.374658435583115,30467027.454993524,99.26693351467452,False,False,False
ac060,original,gpt-4-turbo,original,gpt-4-turbo,mistral-large,original,gpt-4-turbo,gemini-v15-pro,original,claude-v3-sonnet,gemini-v15-pro,original,original,claude-v3-sonnet,original,12.15267996354148,2.1731710850999693,0.06950752105865278,32.410403015092015,30434918.333726175,99.3508164184381,False,False,False
1a9a1,original,gpt-4-turbo,gpt-4-turbo_1,gpt-4-turbo,mistral-large,gemini-v15-pro,gpt-4-turbo,original,original,original,original,gpt-4-turbo,original,claude-v3-sonnet,claude-v3-sonnet_1,11.976347338474033,1.6524276218001719,0.14580383973080369,32.475459199398756,30596926.90493457,99.27496267888611,False,False,False
61b6a,original,gpt-4-turbo,gpt-4-turbo_1,gpt-4-turbo,mistral-large,original,claude-v3-sonnet_1,gemini-v15-pro,original,original,original,original,claude-v3-sonnet,claude-v3-sonnet,claude-v3-sonnet_1,11.798042604426776,1.6423876578555547,0.1622069652301515,32.54124297387898,30600050.439512122,99.25865470451565,False,False,False
17488,original,gpt-4-turbo,original,gpt-4-turbo,mistral-large,gemini-v15-pro,original,original,original,original,original,original,original,claude-v3-sonnet,original,12.185875857428693,2.7657871619348984,0.09382343493800929,32.39815571717918,30250549.46373639,99.32664155613185,False,False,False
aca28,original,gpt-4-turbo,claude-v3-sonnet,gpt-4-turbo,mistral-large,gemini-v15-pro,claude-v3-sonnet_1,original,original,original,original,gpt-4-turbo,original,claude-v3-sonnet,claude-v3-sonnet_1,12.024590409438094,2.381412898737733,0.09104679916867797,32.45766039378941,30370132.194156572,99.32940208521298,False,False,False
29d52,original,gpt-4-turbo,gpt-4-turbo_1,gpt-4-turbo,original,gemini-v15-pro,claude-v3-sonnet_1,gemini-v15-pro,original,claude-v3-sonnet,original,original,original,original,original,11.571286018049454,1.9633860472149014,0.2024077949638512,32.62490258179605,30500184.58600574,99.21868707145727,False,False,False
c5306,original,gpt-4-turbo,gpt-4-turbo_1,gpt-4-turbo,mistral-large,original,claude-v3-sonnet_1,original,gemini-v15-pro,original,original,gpt-4-turbo,claude-v3-sonnet,gemini-v15-pro,claude-v3-sonnet_1,11.809927925694769,1.7479189643585984,0.14875188783883916,32.536858001723886,30567218.58008565,99.2720317317937,False,False,False
9bff2,original,gpt-4-turbo,gpt-4-turbo_1,gpt-4-turbo,original,gemini-v15-pro,claude-v3-sonnet_1,original,original,original,gemini-v15-pro,original,original,claude-v3-sonnet,claude-v3-sonnet_1,11.205849854999483,2.112747673831513,0.21398503959420878,32.75972665287554,30453716.66959987,99.2071769840218,False,False,False
d944e,original,gpt-4-turbo,original,gpt-4-turbo,original,gemini-v15-pro,claude-v3-sonnet_1,original,original,original,original,original,claude-v3-sonnet,gemini-v15-pro,claude-v3-sonnet_1,11.512004731698823,2.7609225946315843,0.14602731359794435,32.646773828193545,30252062.879945904,99.27474050134452,False,False,False
9b4fe,mistral-large,gpt-4-turbo,gpt-4-turbo_1,gpt-4-turbo,original,gemini-v15-pro,claude-v3-sonnet_1,original,original,original,gemini-v15-pro,original,original,claude-v3-sonnet,claude-v3-sonnet_1,11.664231328175125,2.7707106380439295,0.12826527145915667,32.5906113255769,30249017.720400143,99.29239950956085,False,False,False
eb530,original,gpt-4-turbo,original,gpt-4-turbo,mistral-large,gemini-v15-pro,claude-v3-sonnet_1,original,original,original,gemini-v15-pro,original,original,gemini-v15-pro,claude-v3-sonnet_1,11.569517661992435,1.5421535443388565,0.14274414857944073,32.6255549993366,30631234.28849273,99.27800462140371,False,False,False
48e39,mistral-large,gpt-4-turbo,gpt-4-turbo_1,gpt-4-turbo,mistral-large,gemini-v15-pro,claude-v3-sonnet_1,original,original,original,original,original,original,claude-v3-sonnet,original,11.966007188133519,2.4355701883001997,0.06462682585218067,32.47927409596741,30353283.312277313,99.35566880174397,False,False,False
3a9e2,original,gpt-4-turbo,gpt-4-turbo_1,gpt-4-turbo,mistral-large,original,gpt-4-turbo,original,original,original,original,original,original,claude-v3-sonnet,original,12.046633110262347,1.8752550853799888,0.2209922918800361,32.44952795654535,30527603.02178527,99.20021037935312,False,False,False
7a392,original,gpt-4-turbo,original,gpt-4-turbo,mistral-large,original,claude-v3-sonnet_1,original,original,original,gemini-v15-pro,original,original,claude-v3-sonnet,claude-v3-sonnet_1,11.6357538053133,1.3783563923180004,0.2221568924567852,32.601117826998234,30682193.243212488,99.19905253438277,False,False,False
c65a9,original,gpt-4-turbo,gpt-4-turbo_1,gpt-4-turbo,mistral-large,gemini-v15-pro,gpt-4-turbo,original,original,original,gemini-v15-pro,original,original,claude-v3-sonnet,original,11.763969741965779,1.9381820554603548,0.16986231912889338,32.55381382070482,30508025.80338181,99.2510437577371,False,False,False
d8d07,original,gpt-4-turbo,gpt-4-turbo_1,gpt-4-turbo,mistral-large,gemini-v15-pro,gpt-4-turbo,gemini-v15-pro,original,original,gemini-v15-pro,gpt-4-turbo,original,gemini-v15-pro,original,10.311259642186647,1.2472128796590491,0.1757865589023519,33.089776895940304,30722993.319654148,99.24515388324983,False,False,False
cc897,original,gpt-4-turbo,claude-v3-sonnet,gpt-4-turbo,mistral-large,gemini-v15-pro,gpt-4-turbo,gemini-v15-pro,original,original,gemini-v15-pro,gpt-4-turbo,original,gemini-v15-pro,claude-v3-sonnet_1,11.770636574151698,1.2093299431746007,0.1314189710693776,32.55135415866971,30734779.085286487,99.28926410390797,False,False,False
