id,structure_ec6f8,structure_98b6a,structure_0b2c4,structure_df743,structure_7bc43,structure_8f6f0,structure_c036e,structure_c18a4,structure_5ebbb,structure_00c3f,structure_84a43,structure_e4ad5,structure_5b683,structure_84d56,structure_a39d9,structure_d9de1,structure_7892b,structure_fe336,structure_b8e02,structure_9b404,structure_fcaaf,structure_39265,structure_85bbf,structure_4fd64,structure_4649e,structure_65b1e,structure_15d1e,structure_48cc2,structure_bdeea,structure_56067,structure_06dac,structure_f56a4,structure_b6ca9,structure_6e77d,structure_a3186,structure_ee887,structure_7e17b,structure_96d02,runtime_perc_diff,memory_perc_diff,cpu_perc_diff,runtime,memory,cpu,runtime_has_improved,memory_has_improved,cpu_has_improved
5bd2c,original,original,original,original,original,original,original,original,original,original,original,original,original,original,original,original,original,original,original,original,original,original,original,original,original,original,original,original,original,original,original,original,original,original,original,original,original,original,0,0,0,3.68910305956379,141915957.815411,365.625959030837,False,False,False
7d4f4,original,gemini-v15-pro,original,original,gemini-v15-flash,original,original,gemini-v15-pro,llama-3-70b,original,gemini-v15-flash,gemini-v15-flash,gpt-4-o,original,gpt-4-o,original,claude-v3-haiku,gemini-v15-flash,llama-3-70b,gpt-3.5-turbo,gemini-v15-flash,original,gemini-v15-flash,original,original,gpt-4-o,gemini-v15-flash,llama-3-70b,gemini-v15-pro,original,original,claude-v3-haiku,claude-v3-haiku,claude-v3-opus,gemini-v15-flash,gemini-v15-flash,original,original,2.39886840893458,-0.889058710642808,-0.765030849994141,3.60060633169487,143177674.000161,368.42311041301,False,True,True
8f185,llama-3-70b,original,original,original,gemini-v15-flash,original,gpt-3.5-turbo,gemini-v15-pro,original,gpt-4-o,original,llama-3-70b,llama-3-70b,original,gpt-3.5-turbo,gemini-v15-flash,gpt-3.5-turbo,gpt-3.5-turbo,claude-v3-haiku,original,gemini-v15-flash,gemini-v15-flash,llama-3-70b,original,llama-3-70b,gpt-4-o,original,claude-v3-haiku,claude-v3-haiku,original,claude-v3-haiku,original,gpt-3.5-turbo,original,gpt-4-o,original,gpt-4-o,original,3.17002420854101,-2.06200251416585,-1.49253505806648,3.57215759949759,144842268.433567,371.083054650764,False,True,True
4b81a,original,gemini-v15-pro,gpt-4-o,claude-v3-haiku,original,gemini-v15-pro,original,original,gemini-v15-pro,gpt-4-o,gemini-v15-flash,original,claude-v3-haiku,original,gpt-3.5-turbo,gemini-v15-flash,llama-3-70b,llama-3-70b,llama-3-70b,claude-v3-haiku,original,gpt-3.5-turbo,llama-3-70b,original,llama-3-70b,gpt-4-o,gpt-4-o,original,original,original,gpt-4-o,claude-v3-sonnet,original,claude-v3-opus,original,gpt-4-o,original,gpt-4-o,1.95854418170235,-1.69145559365895,-1.65596054654055,3.6168503462337,144316403.222174,371.680580660298,False,True,True
81bdd,llama-3-70b,gemini-v15-pro,gpt-4-o,claude-v3-haiku,original,original,original,original,llama-3-70b,gemini-v15-flash,original,llama-3-70b,gemini-v15-flash,gemini-v15-flash,gpt-3.5-turbo,original,gemini-v15-flash,gpt-3.5-turbo,original,claude-v3-haiku,original,gpt-3.5-turbo,original,original,original,original,original,original,original,gpt-4-o,gpt-4-o,claude-v3-sonnet,gpt-4-o,gpt-4-o,gemini-v15-flash,gemini-v15-flash,original,gpt-4-o,0.908421515254334,-2.43727197943081,0.060137117886361,3.6555904536508,145374835.689586,365.406082116831,False,True,False
13230,original,gemini-v15-pro,gpt-4-o,claude-v3-haiku,gemini-v15-flash,original,gpt-4-o,gemini-v15-pro,original,original,gemini-v15-flash,gemini-v15-pro,original,gemini-v15-flash,gpt-3.5-turbo,original,llama-3-70b,llama-3-8b,original,gemini-v15-flash,original,original,claude-v3-haiku,original,llama-3-70b,gpt-4-o,gpt-4-o,gpt-4-o,original,gpt-4-o,gpt-4-o,claude-v3-sonnet,original,original,original,gpt-4-o,gpt-4-o,gpt-4-o,2.79021160244326,-1.55491835183724,-0.439884570212932,3.58616927796975,144122635.087668,367.234291209307,False,True,True
c4e36,llama-3-70b,gpt-4-o,original,original,gemini-v15-flash,gemini-v15-pro,gpt-3.5-turbo,gemini-v15-pro,gemini-v15-pro,llama-3-70b,gemini-v15-flash,llama-3-70b,llama-3-70b,original,gpt-4-o,original,gpt-4-o,llama-3-70b,claude-v3-haiku,original,gemini-v15-flash,gemini-v15-flash,claude-v3-haiku,original,original,gpt-4-o,original,original,original,original,original,original,gpt-3.5-turbo,gemini-v15-flash,original,original,gpt-4-o,original,1.4645620170946,-2.50953594936538,-0.762345571069596,3.63507385738194,145477389.794674,368.413292336189,False,True,True
3884b,original,original,original,original,gemini-v15-flash,original,gpt-4-o,gemini-v15-pro,llama-3-70b,gpt-4-o,gemini-v15-flash,llama-3-70b,claude-v3-haiku,original,gpt-3.5-turbo,original,llama-3-70b,gpt-3.5-turbo,claude-v3-haiku,original,gemini-v15-flash,gemini-v15-flash,llama-3-70b,original,llama-3-70b,gpt-4-o,gpt-4-o,claude-v3-haiku,original,original,claude-v3-haiku,gpt-4-o,gpt-4-o,gemini-v15-flash,gpt-4-o,original,gpt-4-o,original,-2.5112562423778,3.10529035818763,-0.557460740178341,3.78174589043483,137509055.260639,367.664180208334,True,False,True
cef46,original,gpt-4-o,gpt-4-o,claude-v3-haiku,gemini-v15-flash,gemini-v15-pro,original,original,gemini-v15-pro,gpt-3.5-turbo,original,llama-3-70b,gpt-4-o,original,gpt-3.5-turbo,original,llama-3-70b,gemini-v15-flash,claude-v3-haiku,original,original,gpt-3.5-turbo,claude-v3-haiku,original,gemini-v15-flash,original,gpt-4-o,gpt-4-o,original,original,original,claude-v3-haiku,gpt-4-o,claude-v3-opus,gpt-4-o,original,original,gemini-v15-flash,-2.98529076179745,0.250371803413492,0.638057600217803,3.79923351239413,141560640.272497,363.293054810871,True,False,False
d3181,llama-3-70b,gemini-v15-pro,gpt-4-o,original,gemini-v15-flash,gemini-v15-pro,gpt-3.5-turbo,original,original,original,gemini-v15-flash,gemini-v15-flash,claude-v3-haiku,original,gpt-3.5-turbo,original,llama-3-70b,gemini-v15-flash,original,gpt-3.5-turbo,original,original,claude-v3-haiku,original,llama-3-70b,gpt-4-o,gpt-4-o,original,original,gpt-4-o,gpt-4-o,claude-v3-sonnet,claude-v3-haiku,original,original,gpt-4-o,gpt-4-o,original,0.228838035987903,-2.07720567574816,-1.53022037825951,3.68066098857671,144863844.145945,371.220841964134,False,True,True
9c0e7,llama-3-70b,gpt-4-o,gpt-4-o,claude-v3-haiku,gemini-v15-flash,gemini-v15-pro,original,gemini-v15-pro,llama-3-70b,gpt-3.5-turbo,original,gemini-v15-flash,gemini-v15-flash,original,gpt-3.5-turbo,original,gpt-3.5-turbo,gemini-v15-flash,gemini-v15-flash,original,gemini-v15-flash,gpt-3.5-turbo,claude-v3-haiku,gemini-v15-flash,llama-3-70b,gpt-4-o,gpt-4-o,llama-3-70b,original,gpt-4-o,claude-v3-haiku,claude-v3-haiku,claude-v3-haiku,original,llama-3-70b,original,gpt-4-o,gpt-4-o,1.01046548656234,0.024723344943037,-0.327830775660777,3.65182594638318,141880871.443631,366.824593448345,False,False,True
66c5c,llama-3-70b,gpt-4-o,gpt-4-o,claude-v3-haiku,gemini-v15-flash,gemini-v15-pro,original,gemini-v15-pro,llama-3-70b,gpt-3.5-turbo,gemini-v15-flash,gemini-v15-pro,gemini-v15-flash,original,original,gemini-v15-flash,gpt-4-o,original,gpt-4-o,original,original,gpt-3.5-turbo,gpt-3.5-turbo,gemini-v15-flash,llama-3-70b,original,gemini-v15-flash,llama-3-70b,gpt-4-o,original,claude-v3-haiku,claude-v3-haiku,original,original,gemini-v15-flash,gemini-v15-flash,original,gpt-4-o,3.40476053515825,0.336246954204701,-0.37909830660068,3.56349793449044,141438769.729726,367.012040850015,False,False,True
eabec,original,gemini-v15-pro,original,claude-v3-haiku,gemini-v15-flash,original,gpt-4-o,gemini-v15-pro,llama-3-70b,gpt-4-o,original,gemini-v15-flash,gemini-v15-flash,original,gpt-3.5-turbo,original,gemini-v15-flash,gemini-v15-flash,gemini-v15-flash,original,gemini-v15-flash,original,claude-v3-haiku,gemini-v15-flash,llama-3-70b,gpt-4-o,gpt-4-o,original,original,gpt-4-o,claude-v3-haiku,gpt-4-o,original,gemini-v15-flash,gemini-v15-flash,gemini-v15-flash,gpt-4-o,gpt-4-o,-3.07124083043311,0.814606152872235,0.506516489766034,3.80240429900587,140759901.691139,363.774003257481,True,False,False
590ab,llama-3-70b,original,gemini-v15-pro,original,original,gemini-v15-pro,gpt-3.5-turbo,gemini-v15-pro,gemini-v15-pro,gpt-4-o,original,gemini-v15-pro,original,original,gpt-3.5-turbo,gpt-4-o,gpt-4-o,llama-3-70b,gpt-3.5-turbo,original,gemini-v15-flash,original,original,gemini-v15-flash,gemini-v15-flash,gpt-4-o,gpt-4-o,gpt-4-o,gpt-4-o,gpt-4-o,original,claude-v3-sonnet,gpt-4-o,gemini-v15-flash,llama-3-70b,original,gpt-4-o,original,2.49323941806389,-3.22601420857927,-1.43258900249871,3.59712488790974,146494186.778777,370.863876310193,False,True,True
29df2,llama-3-70b,original,gpt-4-o,claude-v3-haiku,original,original,original,gemini-v15-pro,llama-3-70b,gpt-4-o,original,llama-3-70b,gpt-4-o,original,gpt-3.5-turbo,gpt-4-o,gemini-v15-flash,original,gemini-v15-flash,original,gemini-v15-flash,original,original,original,gemini-v15-flash,original,gpt-4-o,original,gpt-4-o,original,claude-v3-haiku,claude-v3-sonnet,original,gemini-v15-flash,gemini-v15-flash,gemini-v15-flash,original,gemini-v15-flash,-0.689987286201709,-1.20496263857898,-0.830443492678708,3.71455740164965,143625992.085268,368.662276015153,True,True,True
e7635,llama-3-70b,gemini-v15-pro,gpt-4-o,claude-v3-haiku,original,gemini-v15-pro,original,gemini-v15-pro,gemini-v15-pro,llama-3-70b,gemini-v15-flash,llama-3-70b,claude-v3-haiku,gemini-v15-flash,gpt-3.5-turbo,gpt-4-o,gemini-v15-flash,original,gemini-v15-flash,original,original,gemini-v15-flash,original,original,gemini-v15-flash,gpt-4-o,gpt-4-o,original,original,gpt-4-o,claude-v3-haiku,claude-v3-sonnet,claude-v3-haiku,gemini-v15-flash,gemini-v15-flash,gpt-4-o,original,gemini-v15-flash,-0.243337755362568,-0.025696941129834,-0.533716704000708,3.69808004014194,141952425.875544,367.577365848347,True,True,True
c3cc7,original,gemini-v15-pro,gpt-4-o,claude-v3-haiku,gemini-v15-flash,gemini-v15-pro,original,gemini-v15-pro,llama-3-70b,gpt-4-o,gemini-v15-flash,llama-3-70b,original,original,gpt-3.5-turbo,original,gemini-v15-flash,original,original,claude-v3-haiku,original,gpt-3.5-turbo,original,original,gemini-v15-flash,original,gpt-4-o,gpt-4-o,original,gpt-4-o,gpt-4-o,gpt-4-o,gpt-4-o,gemini-v15-flash,original,gpt-4-o,gpt-4-o,gpt-4-o,-1.67132279092727,-2.06504592931424,-0.462267356861298,3.75075987977907,144846587.525325,367.316128487648,True,True,True
2c5a9,original,gemini-v15-pro,original,claude-v3-haiku,gemini-v15-flash,original,original,gemini-v15-pro,llama-3-70b,llama-3-70b,original,llama-3-70b,claude-v3-haiku,gemini-v15-flash,gpt-3.5-turbo,original,llama-3-70b,original,original,claude-v3-haiku,gemini-v15-flash,gpt-3.5-turbo,llama-3-70b,original,gemini-v15-flash,gpt-4-o,original,original,original,gpt-4-o,gpt-4-o,claude-v3-sonnet,gpt-4-o,gpt-4-o,gemini-v15-flash,gemini-v15-flash,original,gpt-4-o,-1.00309067560614,-0.646206619354146,0.776015149736951,3.72610810836777,142833028.128734,362.788646197387,True,True,False
428c5,llama-3-70b,original,gpt-4-o,original,original,original,gpt-4-o,gemini-v15-pro,llama-3-70b,original,gemini-v15-flash,original,gpt-4-o,original,gpt-3.5-turbo,original,claude-v3-haiku,original,original,gemini-v15-flash,original,gpt-3.5-turbo,original,gemini-v15-flash,llama-3-70b,original,gpt-4-o,gemini-v15-flash,claude-v3-haiku,gpt-4-o,claude-v3-haiku,llama-3-70b,claude-v3-haiku,gemini-v15-flash,gpt-4-o,gpt-4-o,gpt-4-o,gemini-v15-flash,3.45859371230203,-0.650703256320782,-0.85525841184479,3.56151197310537,142839409.574154,368.753005801336,False,True,True
eada4,original,gpt-4-o,original,original,gemini-v15-flash,gemini-v15-pro,original,original,original,llama-3-70b,original,original,gpt-4-o,original,original,gemini-v15-flash,gpt-3.5-turbo,gpt-3.5-turbo,gemini-v15-flash,original,gemini-v15-flash,gpt-3.5-turbo,llama-3-70b,original,original,original,original,gpt-4-o,gemini-v15-pro,gpt-4-o,original,claude-v3-sonnet,gpt-4-o,claude-v3-opus,original,original,original,gemini-v15-flash,2.74327632860435,-1.64631630573952,-1.4987142485421,3.58790076859295,144252343.369372,371.105647375201,False,True,True
389bd,original,gemini-v15-pro,gpt-4-o,claude-v3-haiku,original,gemini-v15-pro,gpt-4-o,gemini-v15-pro,llama-3-70b,gpt-4-o,gemini-v15-flash,gemini-v15-pro,gpt-3.5-turbo,original,gpt-3.5-turbo,gemini-v15-flash,llama-3-70b,original,llama-3-70b,llama-3-70b,gemini-v15-flash,gemini-v15-flash,llama-3-70b,original,gemini-v15-flash,gpt-4-o,gpt-4-o,gpt-4-o,claude-v3-haiku,original,gpt-4-o,gpt-4-o,claude-v3-haiku,gemini-v15-flash,original,gpt-4-o,original,gpt-4-o,0.180764772790959,0.115799829593129,-1.19762297645254,3.68243446080014,141751619.378095,370.004779524065,False,False,True
63fa6,original,gpt-4-o,gpt-4-o,claude-v3-haiku,gemini-v15-flash,gemini-v15-pro,original,original,gemini-v15-pro,gpt-3.5-turbo,original,llama-3-70b,gpt-4-o,original,gpt-3.5-turbo,original,llama-3-70b,gemini-v15-flash,claude-v3-haiku,gpt-3.5-turbo,original,original,claude-v3-haiku,original,gemini-v15-flash,original,gpt-4-o,gpt-4-o,claude-v3-haiku,gpt-4-o,original,claude-v3-haiku,gpt-4-o,claude-v3-opus,gpt-4-o,original,gpt-4-o,gemini-v15-flash,-1.83555743103462,-2.04180590546572,0.005931999651588,3.75681866491213,144813606.222884,365.604270100221,True,True,False
701c8,llama-3-70b,gpt-4-o,gpt-4-o,claude-v3-haiku,gemini-v15-flash,gemini-v15-pro,original,original,gemini-v15-pro,gpt-3.5-turbo,gemini-v15-flash,gemini-v15-flash,original,original,gpt-4-o,gemini-v15-flash,gemini-v15-flash,gpt-3.5-turbo,gemini-v15-flash,gpt-3.5-turbo,gemini-v15-flash,gpt-3.5-turbo,claude-v3-haiku,gemini-v15-flash,llama-3-70b,gpt-4-o,gpt-4-o,original,original,original,gpt-4-o,claude-v3-sonnet,original,claude-v3-opus,gemini-v15-flash,original,original,gemini-v15-flash,1.44048804906232,1.60600044207774,-1.99451191988206,3.63596197087318,139636786.905516,372.91841236589,False,False,True
0c6e6,original,gemini-v15-pro,gpt-4-o,claude-v3-haiku,gemini-v15-flash,original,gpt-4-o,gemini-v15-pro,llama-3-70b,gpt-4-o,original,llama-3-70b,gemini-v15-flash,gemini-v15-flash,original,gpt-4-o,gemini-v15-flash,llama-3-8b,gemini-v15-flash,original,gemini-v15-flash,original,original,original,gemini-v15-flash,gpt-4-o,gemini-v15-flash,original,original,gpt-4-o,claude-v3-haiku,gpt-4-o,original,gemini-v15-flash,original,gemini-v15-flash,original,gpt-4-o,-1.72232702287286,-0.387949710999827,0.61103371653167,3.75264147846028,142466520.363618,363.391861144766,True,True,False
88437,original,original,gpt-4-o,claude-v3-haiku,original,original,original,original,gemini-v15-pro,gpt-4-o,gemini-v15-flash,original,claude-v3-haiku,original,gpt-4-o,gemini-v15-flash,gemini-v15-flash,gpt-3.5-turbo,llama-3-70b,gpt-3.5-turbo,original,gpt-3.5-turbo,claude-v3-haiku,gemini-v15-flash,llama-3-70b,gpt-4-o,gpt-4-o,llama-3-70b,original,original,claude-v3-haiku,claude-v3-sonnet,original,claude-v3-opus,gemini-v15-flash,gpt-4-o,original,gpt-4-o,4.87202991389593,-1.25196396283946,-1.06499822612387,3.50936885494739,143692694.464778,369.519869008764,False,True,True
b2c07,original,gpt-4-o,gpt-4-o,claude-v3-haiku,gemini-v15-flash,gemini-v15-pro,original,original,gemini-v15-pro,llama-3-70b,original,gemini-v15-flash,gpt-4-o,original,gpt-3.5-turbo,original,gpt-3.5-turbo,gemini-v15-flash,gemini-v15-flash,gpt-3.5-turbo,gemini-v15-flash,gpt-3.5-turbo,claude-v3-haiku,original,gemini-v15-flash,gpt-4-o,gpt-4-o,gpt-4-o,original,gpt-4-o,gpt-4-o,claude-v3-haiku,claude-v3-haiku,original,llama-3-70b,original,gpt-4-o,gemini-v15-flash,0.472680504098805,-1.50201814189637,0.011897412971857,3.67166538862512,144047561.248044,365.582459000559,False,True,False
b5789,llama-3-70b,original,gpt-4-o,original,original,original,gpt-4-o,gemini-v15-pro,gemini-v15-pro,original,original,llama-3-70b,gemini-v15-flash,original,gpt-3.5-turbo,original,claude-v3-haiku,original,original,gemini-v15-flash,original,gpt-3.5-turbo,original,gemini-v15-flash,llama-3-70b,original,gpt-4-o,gemini-v15-flash,claude-v3-haiku,gpt-4-o,claude-v3-haiku,llama-3-70b,claude-v3-haiku,gemini-v15-flash,gpt-4-o,gpt-4-o,gpt-4-o,gpt-4-o,1.13378162942543,-0.329287671484204,0.020292171451055,3.64727668678388,142383269.568365,365.551765584361,False,True,False
c8351,llama-3-70b,gemini-v15-pro,gpt-4-o,claude-v3-haiku,original,original,original,original,llama-3-70b,original,original,gemini-v15-pro,gpt-3.5-turbo,original,gpt-3.5-turbo,gemini-v15-flash,llama-3-70b,llama-3-8b,llama-3-70b,llama-3-70b,original,original,llama-3-70b,gemini-v15-flash,gemini-v15-flash,original,original,gpt-4-o,original,original,original,gpt-4-o,claude-v3-haiku,gemini-v15-flash,original,original,original,gpt-4-o,4.65977623482244,-1.46194916245139,-1.5484269895719,3.51719911191612,143990696.972078,371.287410061351,False,True,True
cea4c,llama-3-70b,gpt-4-o,gpt-4-o,original,gemini-v15-flash,gemini-v15-pro,gpt-3.5-turbo,original,gemini-v15-pro,llama-3-70b,gemini-v15-flash,gemini-v15-flash,claude-v3-haiku,original,gpt-3.5-turbo,original,gpt-3.5-turbo,gemini-v15-flash,gemini-v15-flash,gpt-3.5-turbo,gemini-v15-flash,original,gemini-v15-flash,original,llama-3-70b,original,gpt-4-o,original,claude-v3-opus,gpt-4-o,gpt-4-o,claude-v3-haiku,claude-v3-haiku,original,gpt-4-o,original,original,gemini-v15-flash,1.85219810500947,-2.51976024909256,0.235807928812489,3.6207735626027,145491899.707562,364.763784029646,False,True,False
f9fe4,original,gemini-v15-pro,gemini-v15-pro,claude-v3-haiku,gemini-v15-flash,gemini-v15-pro,original,original,llama-3-70b,gpt-4-o,original,gemini-v15-flash,gpt-4-o,original,gpt-4-o,gemini-v15-flash,original,gpt-3.5-turbo,gemini-v15-flash,gemini-v15-flash,original,gpt-3.5-turbo,claude-v3-haiku,original,gemini-v15-flash,gpt-4-o,gpt-4-o,gpt-4-o,original,original,claude-v3-haiku,original,gpt-4-o,original,claude-v3-opus,original,original,gemini-v15-flash,0.654827354808945,-2.27993742478386,-0.685563889873748,3.66494580358267,145151552.849385,368.132558577957,False,True,True
7922c,original,original,gemini-v15-pro,claude-v3-haiku,original,gemini-v15-pro,gpt-3.5-turbo,gemini-v15-pro,llama-3-70b,llama-3-70b,original,gemini-v15-pro,llama-3-8b,original,gpt-3.5-turbo,gpt-4-o,claude-v3-sonnet,original,claude-v3-haiku,gemini-v15-flash,gemini-v15-flash,gpt-3.5-turbo,claude-v3-haiku,original,gemini-v15-flash,gpt-4-o,gemini-v15-flash,llama-3-70b,claude-v3-opus,gpt-4-o,claude-v3-haiku,claude-v3-sonnet,claude-v3-haiku,claude-v3-opus,original,original,original,original,1.93945346819545,-2.82641158377045,-0.603294498559444,3.61755462232977,145927086.886324,367.831760326975,False,True,True
3ab84,original,original,gemini-v15-pro,original,original,original,gpt-4-o,gemini-v15-pro,claude-v3-opus,llama-3-70b,original,llama-3-70b,claude-v3-haiku,original,gpt-3.5-turbo,original,llama-3-70b,gemini-v15-flash,claude-v3-haiku,original,gemini-v15-flash,gemini-v15-flash,llama-3-70b,gemini-v15-flash,llama-3-70b,original,gemini-v15-flash,gpt-4-o,claude-v3-haiku,original,claude-v3-haiku,llama-3-70b,gpt-3.5-turbo,claude-v3-opus,gpt-4-o,original,original,original,1.68392563164026,-1.97801920612587,-1.52886877110074,3.62698130756617,144723082.717557,371.215900137497,False,True,True
b763b,llama-3-70b,gemini-v15-pro,gpt-4-o,original,original,original,original,original,original,original,gemini-v15-flash,gemini-v15-pro,gpt-4-o,gemini-v15-flash,original,gpt-4-o,gpt-3.5-turbo,gemini-v15-flash,gpt-3.5-turbo,claude-v3-haiku,original,gpt-3.5-turbo,llama-3-70b,original,llama-3-70b,gpt-4-o,original,claude-v3-haiku,gemini-v15-pro,gpt-4-o,original,original,gpt-4-o,claude-v3-opus,gemini-v15-flash,gemini-v15-flash,original,gpt-4-o,1.28053423513496,-0.128439153441079,-0.442800901807375,3.64186283191666,142098233.470226,367.244954074667,False,True,True
87203,original,original,gemini-v15-pro,original,gemini-v15-flash,original,gpt-3.5-turbo,original,claude-v3-opus,gpt-4-o,gemini-v15-flash,gemini-v15-flash,claude-v3-haiku,original,gpt-3.5-turbo,gemini-v15-flash,llama-3-70b,original,gpt-3.5-turbo,gpt-3.5-turbo,gemini-v15-flash,gemini-v15-flash,llama-3-70b,gemini-v15-flash,gemini-v15-flash,gpt-4-o,gpt-4-o,gpt-4-o,claude-v3-haiku,original,original,gpt-4-o,gpt-3.5-turbo,gemini-v15-flash,original,gpt-4-o,original,gpt-4-o,0.861175404464564,-3.96171856929532,-1.47123041904352,3.65733341136947,147538268.668977,371.005159360018,False,True,True
f2a26,llama-3-70b,original,gpt-4-o,original,original,original,gpt-4-o,original,original,original,gemini-v15-flash,original,gpt-4-o,gemini-v15-flash,original,gpt-4-o,gpt-3.5-turbo,original,original,claude-v3-haiku,original,gpt-3.5-turbo,llama-3-70b,gemini-v15-flash,llama-3-70b,original,gpt-4-o,gemini-v15-flash,gemini-v15-pro,gpt-4-o,claude-v3-haiku,original,gpt-4-o,gemini-v15-flash,gemini-v15-flash,gemini-v15-flash,gpt-4-o,gpt-4-o,-0.440253426982999,-1.08685858899706,-0.451983292243356,3.70534446220845,143458383.592085,367.278527277761,True,True,True
c5932,llama-3-70b,original,gemini-v15-pro,original,gemini-v15-flash,original,gpt-3.5-turbo,original,original,gpt-4-o,original,gemini-v15-flash,llama-3-70b,original,gpt-3.5-turbo,gemini-v15-flash,gpt-3.5-turbo,gpt-3.5-turbo,gpt-3.5-turbo,claude-v3-haiku,gemini-v15-flash,gemini-v15-flash,claude-v3-haiku,original,llama-3-70b,gpt-4-o,gpt-4-o,claude-v3-haiku,gpt-4-o,original,claude-v3-haiku,gpt-4-o,gpt-3.5-turbo,original,gpt-4-o,original,gpt-4-o,original,-1.05175095352772,0.790012459273231,-0.060401357735373,3.72790323616937,140794804.066972,365.846802074325,True,False,True
833000000000,original,gpt-4-o,gpt-4-o,original,gemini-v15-flash,gemini-v15-pro,original,gemini-v15-pro,gemini-v15-pro,llama-3-70b,original,gemini-v15-flash,gpt-4-o,original,gpt-3.5-turbo,original,llama-3-70b,gemini-v15-flash,claude-v3-haiku,llama-3-70b,gemini-v15-flash,original,claude-v3-haiku,original,llama-3-70b,original,gpt-4-o,original,claude-v3-opus,original,gpt-4-o,claude-v3-haiku,gpt-4-o,claude-v3-opus,gpt-4-o,original,original,original,-0.735814890204536,-1.35856169143416,-0.627232897046196,3.71624802919105,143843973.652323,367.919285326019,True,True,True
d8759,original,gpt-4-o,gemini-v15-pro,original,gemini-v15-flash,gemini-v15-pro,original,gemini-v15-pro,claude-v3-opus,gpt-3.5-turbo,original,llama-3-70b,gpt-4-o,original,gpt-3.5-turbo,original,llama-3-70b,gemini-v15-flash,claude-v3-haiku,gemini-v15-flash,original,original,claude-v3-haiku,original,llama-3-70b,original,gpt-4-o,gpt-4-o,claude-v3-haiku,original,original,claude-v3-haiku,gpt-4-o,claude-v3-opus,gpt-4-o,original,original,original,1.14593187616868,1.24557064264697,-1.5345261919549,3.64682845165953,140148294.307631,371.236585136751,False,False,True
208ce,llama-3-70b,gemini-v15-pro,gpt-4-o,claude-v3-haiku,original,original,original,original,gemini-v15-pro,gemini-v15-flash,gemini-v15-flash,llama-3-70b,gemini-v15-flash,original,gpt-4-o,gemini-v15-flash,gemini-v15-flash,gpt-3.5-turbo,llama-3-70b,original,original,gpt-3.5-turbo,claude-v3-haiku,original,gemini-v15-flash,gpt-4-o,gemini-v15-flash,llama-3-70b,original,original,claude-v3-haiku,claude-v3-sonnet,original,claude-v3-opus,gemini-v15-flash,gemini-v15-flash,original,gemini-v15-flash,-1.67102782060385,0.569747697793428,-0.052095558955861,3.75074899801984,141107394.912956,365.816433917882,True,False,True
126d8,llama-3-70b,gemini-v15-pro,gpt-4-o,claude-v3-haiku,gemini-v15-flash,gemini-v15-pro,gpt-4-o,original,claude-v3-opus,gpt-3.5-turbo,original,original,claude-v3-haiku,gemini-v15-flash,gpt-3.5-turbo,original,gpt-3.5-turbo,gpt-3.5-turbo,gemini-v15-flash,claude-v3-haiku,gemini-v15-flash,gpt-3.5-turbo,claude-v3-haiku,original,llama-3-70b,original,original,original,gemini-v15-pro,gpt-4-o,gpt-4-o,claude-v3-haiku,gpt-4-o,gpt-4-o,original,original,original,original,0.797003060798484,-0.568074566870309,-0.319817360857334,3.65970079526305,142722146.27809,366.795294323619,False,True,True
37a84,original,gemini-v15-pro,original,claude-v3-haiku,gemini-v15-flash,gemini-v15-pro,original,gemini-v15-pro,gemini-v15-pro,llama-3-70b,gemini-v15-flash,llama-3-70b,claude-v3-haiku,original,gpt-3.5-turbo,original,llama-3-70b,original,gemini-v15-flash,claude-v3-haiku,gemini-v15-flash,gemini-v15-flash,llama-3-70b,original,gemini-v15-flash,gpt-4-o,gpt-4-o,original,original,gpt-4-o,gpt-4-o,claude-v3-haiku,claude-v3-haiku,gemini-v15-flash,llama-3-70b,gpt-4-o,gpt-4-o,gpt-4-o,1.3798177288347,-1.41703845769032,-0.041248211169988,3.63820016151294,143926961.515255,365.77677319851,False,True,True
0c1dc,llama-3-70b,original,gemini-v15-pro,original,gemini-v15-flash,original,gpt-3.5-turbo,original,original,gpt-4-o,gemini-v15-flash,original,llama-3-70b,original,gpt-4-o,gemini-v15-flash,gpt-3.5-turbo,gpt-3.5-turbo,llama-3-70b,claude-v3-haiku,gemini-v15-flash,gpt-3.5-turbo,claude-v3-haiku,original,llama-3-70b,gpt-4-o,gemini-v15-flash,llama-3-70b,gpt-4-o,original,claude-v3-haiku,claude-v3-sonnet,original,original,gpt-4-o,gpt-4-o,gpt-4-o,gpt-4-o,-0.989266185365402,-1.41095115420021,-0.159211892009799,3.72559810867533,143918322.660201,366.208079037889,True,True,True
c89ab,original,gpt-4-o,gpt-4-o,claude-v3-haiku,gemini-v15-flash,original,gpt-3.5-turbo,original,original,gpt-4-o,original,gemini-v15-flash,llama-3-70b,original,gpt-3.5-turbo,original,gpt-3.5-turbo,gpt-3.5-turbo,gpt-3.5-turbo,claude-v3-haiku,gemini-v15-flash,gemini-v15-flash,claude-v3-haiku,original,llama-3-70b,gpt-4-o,gpt-4-o,claude-v3-haiku,gpt-4-o,gpt-4-o,gpt-4-o,claude-v3-haiku,claude-v3-haiku,original,gpt-4-o,original,gpt-4-o,original,-1.67652064758445,0.301487799244311,-0.239126457762355,3.75095163406804,141488098.517416,366.500267435327,True,False,True
a0939,llama-3-70b,gpt-4-o,gpt-4-o,original,gemini-v15-flash,gemini-v15-pro,gpt-3.5-turbo,original,gemini-v15-pro,gpt-3.5-turbo,gemini-v15-flash,gemini-v15-flash,claude-v3-haiku,original,gpt-3.5-turbo,original,gpt-3.5-turbo,gpt-3.5-turbo,gemini-v15-flash,gpt-3.5-turbo,gemini-v15-flash,gpt-3.5-turbo,llama-3-70b,gemini-v15-flash,gemini-v15-flash,original,gpt-4-o,original,original,original,gpt-4-o,claude-v3-haiku,gpt-4-o,original,gpt-4-o,original,original,gemini-v15-flash,-0.479621566649907,-0.239847279705368,-0.384879245279186,3.7067967934534,142256339.379699,367.0331774625,True,True,True
6c102,original,gpt-4-o,original,original,gemini-v15-flash,gemini-v15-pro,original,original,gemini-v15-pro,gpt-3.5-turbo,gemini-v15-flash,llama-3-70b,gpt-4-o,gemini-v15-flash,gpt-4-o,original,gpt-4-o,llama-3-70b,claude-v3-haiku,gemini-v15-flash,original,original,claude-v3-haiku,original,original,gpt-4-o,gpt-4-o,original,original,original,original,claude-v3-haiku,gpt-4-o,gemini-v15-flash,original,original,gpt-4-o,gpt-4-o,3.59603563208597,-2.05692645770949,-1.54881551822126,3.5564415990375,144835064.699428,371.288830622952,False,True,True
98706,original,gpt-4-o,gpt-4-o,original,original,gemini-v15-pro,gpt-4-o,original,gemini-v15-pro,llama-3-70b,gemini-v15-flash,original,claude-v3-haiku,gemini-v15-flash,gpt-3.5-turbo,gpt-4-o,gpt-3.5-turbo,gemini-v15-flash,gpt-4-o,gemini-v15-flash,gemini-v15-flash,gemini-v15-flash,llama-3-70b,gemini-v15-flash,llama-3-70b,gpt-4-o,gemini-v15-flash,gemini-v15-flash,original,gpt-4-o,gpt-4-o,gpt-4-o,original,gpt-4-o,gpt-4-o,gemini-v15-flash,gpt-4-o,original,3.30517937494445,-0.763814932825182,-0.721996940378594,3.56717158611864,142999933.093267,368.265767268269,False,True,True
93c2f,llama-3-70b,gpt-4-o,gemini-v15-pro,original,gemini-v15-flash,gemini-v15-pro,original,gemini-v15-pro,gemini-v15-pro,gpt-3.5-turbo,original,gemini-v15-pro,gpt-3.5-turbo,original,gpt-3.5-turbo,gemini-v15-flash,gpt-3.5-turbo,gemini-v15-flash,claude-v3-haiku,claude-v3-haiku,original,original,claude-v3-haiku,original,llama-3-70b,gpt-4-o,gpt-4-o,claude-v3-haiku,claude-v3-haiku,original,claude-v3-haiku,claude-v3-haiku,gpt-4-o,original,gpt-4-o,original,original,original,-2.48237809938796,-0.056274169053616,-0.11988675921068,3.78068054597825,141995819.841426,366.064296143952,True,True,True
ce249,llama-3-70b,gemini-v15-pro,original,claude-v3-haiku,gemini-v15-flash,gemini-v15-pro,original,original,llama-3-70b,gemini-v15-flash,gemini-v15-flash,original,gemini-v15-flash,original,gpt-3.5-turbo,gemini-v15-flash,gpt-3.5-turbo,llama-3-8b,gemini-v15-flash,original,gemini-v15-flash,original,original,original,original,original,original,original,claude-v3-opus,gpt-4-o,gpt-4-o,claude-v3-sonnet,gpt-4-o,gemini-v15-flash,gpt-4-o,gemini-v15-flash,original,gemini-v15-flash,0.483826647040001,-0.152671225434823,-0.756407778805742,3.67125419592485,142132622.647295,368.391582226279,False,True,True
6c197,llama-3-70b,gpt-4-o,gpt-4-o,original,gemini-v15-flash,gemini-v15-pro,gpt-3.5-turbo,gemini-v15-pro,gemini-v15-pro,gpt-3.5-turbo,gemini-v15-flash,gemini-v15-flash,claude-v3-haiku,original,original,gemini-v15-flash,gpt-3.5-turbo,original,gpt-4-o,original,gemini-v15-flash,gpt-3.5-turbo,gpt-3.5-turbo,gemini-v15-flash,llama-3-70b,original,gpt-4-o,original,gemini-v15-pro,original,gpt-4-o,claude-v3-haiku,gpt-4-o,original,gpt-4-o,gemini-v15-flash,original,gemini-v15-flash,-1.16663816325715,-0.596224432696917,-0.067459842387439,3.73214154373854,142762095.429802,365.872609726527,True,True,True
7ebd5,original,original,original,original,original,original,gpt-4-o,gemini-v15-pro,llama-3-70b,gpt-4-o,gemini-v15-flash,llama-3-70b,gpt-4-o,original,gpt-3.5-turbo,original,llama-3-70b,gpt-3.5-turbo,claude-v3-haiku,gemini-v15-flash,gemini-v15-flash,gpt-3.5-turbo,original,gemini-v15-flash,llama-3-70b,gpt-4-o,gpt-4-o,gemini-v15-flash,original,gpt-4-o,claude-v3-haiku,gpt-4-o,gpt-4-o,gemini-v15-flash,gpt-4-o,original,gpt-4-o,gemini-v15-flash,-0.329514359550543,0.549165390095376,0.167692267132424,3.70125918388367,141136604.492066,365.012832570913,True,False,False
3677a,original,gemini-v15-pro,gpt-4-o,claude-v3-haiku,gemini-v15-flash,original,original,original,llama-3-70b,llama-3-70b,original,llama-3-70b,gpt-4-o,gemini-v15-flash,gpt-3.5-turbo,original,gpt-3.5-turbo,llama-3-8b,gemini-v15-flash,original,gemini-v15-flash,gpt-3.5-turbo,original,original,gemini-v15-flash,original,gemini-v15-flash,gpt-4-o,original,gpt-4-o,claude-v3-haiku,claude-v3-sonnet,claude-v3-haiku,original,llama-3-70b,gemini-v15-flash,gpt-4-o,gemini-v15-flash,-0.825754997831479,-1.9874612428644,-0.334186244740304,3.71956601245329,144736482.474432,366.847830693118,True,True,True
fb2c6,original,original,gpt-4-o,claude-v3-haiku,original,gemini-v15-pro,original,gemini-v15-pro,gemini-v15-pro,original,gemini-v15-flash,llama-3-70b,claude-v3-haiku,original,gpt-3.5-turbo,original,claude-v3-haiku,original,original,gemini-v15-flash,original,gemini-v15-flash,original,original,original,gpt-4-o,gpt-4-o,original,original,gpt-4-o,gpt-4-o,llama-3-70b,claude-v3-haiku,gemini-v15-flash,llama-3-70b,gpt-4-o,gpt-4-o,original,-1.40357005495742,-0.363885161479154,1.04624596684441,3.74088220540434,142432368.927672,361.800612180741,True,True,False
ff643,original,gemini-v15-pro,gpt-4-o,claude-v3-haiku,original,original,gpt-4-o,gemini-v15-pro,llama-3-70b,gemini-v15-flash,original,llama-3-70b,gemini-v15-flash,gemini-v15-flash,gpt-3.5-turbo,gpt-4-o,gemini-v15-flash,llama-3-8b,gemini-v15-flash,original,gemini-v15-flash,original,original,original,gemini-v15-flash,gpt-4-o,gemini-v15-flash,original,original,gpt-4-o,claude-v3-haiku,claude-v3-sonnet,gpt-4-o,gemini-v15-flash,gemini-v15-flash,gemini-v15-flash,original,gemini-v15-flash,-1.38464334709114,0.129524481557759,1.52873136156419,3.74018397964537,141732141.906802,360.036520329113,True,False,False
ad23c,llama-3-70b,original,gemini-v15-pro,original,gemini-v15-flash,original,gpt-3.5-turbo,original,original,gpt-4-o,gemini-v15-flash,gemini-v15-flash,claude-v3-haiku,original,gpt-3.5-turbo,gemini-v15-flash,llama-3-70b,original,gpt-3.5-turbo,claude-v3-haiku,gemini-v15-flash,gemini-v15-flash,claude-v3-haiku,gemini-v15-flash,gemini-v15-flash,gpt-4-o,gpt-4-o,claude-v3-haiku,gpt-4-o,original,original,gpt-4-o,gpt-4-o,gemini-v15-flash,original,gpt-4-o,original,gpt-4-o,2.5767427290475,-3.53668084840243,-1.39532393509019,3.59404436470941,146935072.316295,370.727625550097,False,True,True
e85c6,original,gemini-v15-pro,gpt-4-o,original,gemini-v15-flash,gemini-v15-pro,original,gemini-v15-pro,llama-3-70b,gpt-4-o,gemini-v15-flash,llama-3-70b,original,original,gpt-3.5-turbo,original,llama-3-70b,original,original,claude-v3-haiku,original,gemini-v15-flash,llama-3-70b,original,gemini-v15-flash,gpt-4-o,gpt-4-o,gpt-4-o,original,gpt-4-o,gpt-4-o,gpt-4-o,original,gemini-v15-flash,original,gpt-4-o,gpt-4-o,gpt-4-o,3.22409979796261,-0.16147934013474,-1.56630499345533,3.57016269527376,142145122.767637,371.352776684506,False,True,True
850000000000,original,original,original,claude-v3-haiku,gemini-v15-flash,original,original,original,gemini-v15-pro,llama-3-70b,original,original,claude-v3-haiku,original,gpt-4-o,gemini-v15-flash,gemini-v15-flash,gpt-3.5-turbo,llama-3-70b,gpt-3.5-turbo,original,gpt-3.5-turbo,claude-v3-haiku,original,original,gpt-4-o,original,llama-3-70b,original,original,original,claude-v3-sonnet,gpt-4-o,claude-v3-opus,gemini-v15-flash,gpt-4-o,original,gemini-v15-flash,2.27169521138146,-2.19234299176331,-1.87159769100427,3.60529788201675,145027242.37077,372.46900603777,False,True,True
c9c2b,llama-3-70b,gpt-4-o,gpt-4-o,original,gemini-v15-flash,gemini-v15-pro,gpt-3.5-turbo,original,gemini-v15-pro,gpt-3.5-turbo,gemini-v15-flash,gemini-v15-flash,claude-v3-haiku,original,gpt-3.5-turbo,original,gpt-3.5-turbo,gpt-3.5-turbo,gemini-v15-flash,gpt-3.5-turbo,gemini-v15-flash,gpt-3.5-turbo,llama-3-70b,original,llama-3-70b,original,gpt-4-o,original,gemini-v15-pro,original,gpt-4-o,claude-v3-haiku,gpt-4-o,original,gpt-4-o,original,original,gemini-v15-flash,-1.75118115512386,0.312603290208756,0.467466894618998,3.75370593713596,141472323.861948,363.916778714235,True,False,False
2cf7f,llama-3-70b,gpt-4-o,gpt-4-o,original,original,gemini-v15-pro,gpt-3.5-turbo,gemini-v15-pro,llama-3-70b,original,gemini-v15-flash,original,claude-v3-haiku,original,gpt-3.5-turbo,original,claude-v3-haiku,gemini-v15-flash,gemini-v15-flash,gemini-v15-flash,original,original,original,gemini-v15-flash,llama-3-70b,original,gpt-4-o,original,claude-v3-haiku,gpt-4-o,claude-v3-haiku,claude-v3-haiku,claude-v3-haiku,gemini-v15-flash,gpt-4-o,original,original,gemini-v15-flash,-1.76739329383374,-0.630128908978202,0.128176272192322,3.75430401964113,142810211.292059,365.157313306384,True,True,False
8d4ce,llama-3-70b,original,gpt-4-o,original,original,gemini-v15-pro,gpt-3.5-turbo,original,gemini-v15-pro,llama-3-70b,gemini-v15-flash,llama-3-70b,claude-v3-haiku,original,gpt-3.5-turbo,original,claude-v3-haiku,gemini-v15-flash,gemini-v15-flash,gpt-3.5-turbo,original,original,gemini-v15-flash,original,llama-3-70b,original,gpt-4-o,original,claude-v3-opus,gpt-4-o,gpt-4-o,claude-v3-haiku,claude-v3-haiku,gemini-v15-flash,gpt-4-o,gpt-4-o,gpt-4-o,gemini-v15-flash,-3.09596781684543,0.543165439307609,0.335542662893236,3.80331650301814,141145119.379695,364.399127951676,True,False,False
d7698,llama-3-70b,gemini-v15-pro,gpt-4-o,original,gemini-v15-flash,original,gpt-4-o,original,llama-3-70b,gpt-3.5-turbo,original,llama-3-70b,gemini-v15-flash,gemini-v15-flash,original,original,claude-v3-sonnet,gpt-3.5-turbo,original,claude-v3-haiku,original,gpt-3.5-turbo,claude-v3-haiku,original,original,original,original,claude-v3-haiku,gemini-v15-pro,gpt-4-o,gpt-4-o,gpt-4-o,gpt-3.5-turbo,gpt-4-o,gemini-v15-flash,original,gpt-4-o,original,1.25513604872753,-2.01519316357767,-0.151505885133865,3.64279979718849,144775838.495332,366.179903876346,False,True,True
efe19,original,gemini-v15-pro,gpt-4-o,claude-v3-haiku,gemini-v15-flash,original,gpt-4-o,gemini-v15-pro,original,original,gemini-v15-flash,gemini-v15-pro,original,gemini-v15-flash,gpt-3.5-turbo,original,llama-3-70b,llama-3-8b,original,gemini-v15-flash,original,original,claude-v3-haiku,original,llama-3-70b,gpt-4-o,gpt-4-o,gpt-4-o,original,gpt-4-o,gpt-4-o,claude-v3-sonnet,original,gpt-4-o,original,gpt-4-o,gpt-4-o,gpt-4-o,2.80175158107997,-1.05727559678695,-0.800156788175205,3.58574355626479,143416400.605339,368.551539961353,False,True,True
943ac,llama-3-70b,gpt-4-o,gemini-v15-pro,claude-v3-haiku,original,gemini-v15-pro,gpt-4-o,original,llama-3-70b,llama-3-70b,original,gemini-v15-pro,claude-v3-haiku,original,gpt-3.5-turbo,gpt-4-o,gpt-3.5-turbo,original,claude-v3-haiku,gemini-v15-flash,gemini-v15-flash,gemini-v15-flash,llama-3-70b,gemini-v15-flash,gemini-v15-flash,gpt-4-o,gemini-v15-flash,gemini-v15-flash,claude-v3-opus,gpt-4-o,claude-v3-haiku,gpt-4-o,claude-v3-haiku,gpt-4-o,original,gemini-v15-flash,original,original,1.67466317672775,-0.40497658908,-0.697057007041182,3.62732300907373,142490684.220732,368.174580397823,False,True,True
48497,llama-3-70b,gemini-v15-pro,gemini-v15-pro,original,original,gemini-v15-pro,gpt-3.5-turbo,original,llama-3-70b,gpt-3.5-turbo,original,llama-3-70b,gemini-v15-flash,gemini-v15-flash,original,original,gpt-4-o,llama-3-70b,original,original,gemini-v15-flash,gpt-3.5-turbo,original,original,gemini-v15-flash,original,original,gpt-4-o,gpt-4-o,gpt-4-o,gpt-4-o,gpt-4-o,gpt-3.5-turbo,gpt-4-o,llama-3-70b,original,gpt-4-o,original,1.88565975439616,-1.03304459736129,-1.11470027787719,3.61953912787139,143382012.950416,369.701592612145,False,True,True
0d9b9,llama-3-70b,gpt-4-o,gpt-4-o,claude-v3-haiku,gemini-v15-flash,gemini-v15-pro,original,gemini-v15-pro,llama-3-70b,gpt-3.5-turbo,gemini-v15-flash,gemini-v15-pro,gemini-v15-flash,original,gpt-3.5-turbo,original,gpt-3.5-turbo,original,gemini-v15-flash,gpt-3.5-turbo,original,gpt-3.5-turbo,gemini-v15-flash,gemini-v15-flash,llama-3-70b,original,gemini-v15-flash,original,original,gpt-4-o,gpt-4-o,claude-v3-haiku,claude-v3-haiku,original,gemini-v15-flash,original,original,gpt-4-o,2.60162819744398,-0.62864782166423,-1.36286144020308,3.59312631413341,142808109.392811,370.608934241841,False,True,True
d7fc7,original,gemini-v15-pro,original,original,gemini-v15-flash,gemini-v15-pro,gpt-4-o,gemini-v15-pro,llama-3-70b,gpt-4-o,gemini-v15-flash,llama-3-70b,claude-v3-haiku,original,gpt-3.5-turbo,original,llama-3-70b,original,gpt-3.5-turbo,claude-v3-haiku,gemini-v15-flash,gemini-v15-flash,gpt-3.5-turbo,original,gemini-v15-flash,gpt-4-o,gemini-v15-flash,original,original,gpt-4-o,gpt-4-o,gpt-4-o,original,gemini-v15-flash,original,gpt-4-o,original,gpt-4-o,1.13538217452122,-0.931137457243867,-1.99729238527369,3.64721764102578,143237390.456436,372.928578469144,False,True,True
41a85,original,gpt-4-o,original,original,gemini-v15-flash,gemini-v15-pro,original,original,original,llama-3-70b,gemini-v15-flash,original,claude-v3-haiku,original,original,gemini-v15-flash,gpt-3.5-turbo,gpt-3.5-turbo,gemini-v15-flash,original,gemini-v15-flash,original,gemini-v15-flash,original,original,original,original,gpt-4-o,claude-v3-opus,gpt-4-o,gpt-4-o,claude-v3-haiku,gpt-4-o,claude-v3-opus,gpt-4-o,original,original,gemini-v15-flash,0.583134161576652,0.668019830042997,-0.58951004623758,3.6675906393677,140967931.075208,367.781360790976,False,False,True
924d6,original,original,original,claude-v3-haiku,gemini-v15-flash,gemini-v15-pro,original,original,gemini-v15-pro,gpt-3.5-turbo,gemini-v15-flash,original,gpt-4-o,gemini-v15-flash,gpt-3.5-turbo,original,llama-3-70b,llama-3-70b,claude-v3-haiku,gemini-v15-flash,gemini-v15-flash,gpt-3.5-turbo,claude-v3-haiku,original,original,original,gpt-4-o,gpt-4-o,original,original,original,claude-v3-haiku,gpt-4-o,claude-v3-opus,gpt-4-o,original,original,original,-1.50711120728904,1.63841581285202,-0.170857205470879,3.74470194522291,139590784.321602,366.250657326913,True,False,True
c2067,llama-3-70b,gpt-4-o,original,original,original,original,original,original,original,llama-3-70b,original,gemini-v15-pro,gpt-3.5-turbo,original,gpt-3.5-turbo,gemini-v15-flash,gpt-3.5-turbo,llama-3-8b,llama-3-70b,original,gemini-v15-flash,original,gemini-v15-flash,gemini-v15-flash,gemini-v15-flash,original,original,gpt-4-o,claude-v3-opus,original,gpt-4-o,claude-v3-haiku,claude-v3-haiku,gemini-v15-flash,gpt-4-o,original,original,gemini-v15-flash,0.946266695992674,-0.862119818395874,-0.74501035124669,3.65419430593029,143139443.413204,368.349910272462,False,True,True
f1637,llama-3-70b,gemini-v15-pro,gpt-4-o,original,gemini-v15-flash,gemini-v15-pro,gpt-4-o,original,llama-3-70b,gpt-3.5-turbo,original,llama-3-70b,claude-v3-haiku,original,gpt-3.5-turbo,original,gpt-3.5-turbo,gpt-3.5-turbo,gemini-v15-flash,claude-v3-haiku,gemini-v15-flash,gpt-3.5-turbo,llama-3-70b,original,llama-3-70b,gpt-4-o,original,original,original,gpt-4-o,original,claude-v3-haiku,original,claude-v3-opus,original,original,original,gpt-4-o,-0.036277159073143,0.536006140109361,-0.510069592096954,3.69044136134908,141155279.567725,367.490905868666,True,False,True
ed450,llama-3-70b,gemini-v15-pro,gpt-4-o,claude-v3-haiku,original,original,original,original,llama-3-70b,gemini-v15-flash,original,llama-3-70b,gemini-v15-flash,gemini-v15-flash,gpt-3.5-turbo,gpt-4-o,gemini-v15-flash,llama-3-8b,gemini-v15-flash,original,original,original,original,original,gemini-v15-flash,original,gemini-v15-flash,original,original,original,claude-v3-haiku,claude-v3-sonnet,gpt-4-o,claude-v3-opus,gemini-v15-flash,gemini-v15-flash,original,gemini-v15-flash,1.99409315977038,-1.8846297763925,-0.008226957227831,3.61553890779614,144590548.213852,365.6560389221,False,True,True
f8daf,original,gpt-4-o,gemini-v15-pro,original,gemini-v15-flash,gemini-v15-pro,original,gemini-v15-pro,gemini-v15-pro,gpt-3.5-turbo,original,llama-3-70b,gpt-4-o,original,gpt-3.5-turbo,original,llama-3-70b,gemini-v15-flash,claude-v3-haiku,gemini-v15-flash,original,original,claude-v3-haiku,original,llama-3-70b,original,gpt-4-o,gpt-4-o,claude-v3-haiku,original,original,claude-v3-haiku,gpt-4-o,claude-v3-opus,gpt-4-o,original,original,original,-0.996453558057948,0.348439597389207,0.450546658409609,3.72586325826123,141421466.423368,363.978643490145,True,False,False
f081c,original,original,original,claude-v3-haiku,gemini-v15-flash,original,original,original,gemini-v15-pro,gpt-3.5-turbo,gemini-v15-flash,original,claude-v3-haiku,gemini-v15-flash,gpt-4-o,gemini-v15-flash,original,llama-3-70b,claude-v3-haiku,gemini-v15-flash,original,gpt-3.5-turbo,claude-v3-haiku,original,original,gpt-4-o,gpt-4-o,llama-3-70b,original,original,original,claude-v3-sonnet,gpt-4-o,claude-v3-opus,original,original,original,gpt-4-o,3.20860960216138,0.280514635240382,-1.26541844099307,3.57073414456099,141517862.783997,370.252657341471,False,False,True
4399e,llama-3-70b,gpt-4-o,gpt-4-o,original,gemini-v15-flash,gemini-v15-pro,original,original,original,gpt-3.5-turbo,original,gemini-v15-flash,claude-v3-haiku,original,gpt-3.5-turbo,original,gpt-3.5-turbo,gpt-3.5-turbo,gemini-v15-flash,gpt-3.5-turbo,gemini-v15-flash,gpt-3.5-turbo,llama-3-70b,original,llama-3-70b,original,original,original,gemini-v15-pro,gpt-4-o,original,claude-v3-haiku,gpt-4-o,claude-v3-opus,original,original,original,gemini-v15-flash,-0.689292226939139,0.236964831170257,0.111588368873695,3.71453176019713,141579666.90557,365.217962986976,True,False,False
fec67,llama-3-70b,original,gpt-4-o,original,original,original,original,gemini-v15-pro,llama-3-70b,original,original,llama-3-70b,gemini-v15-flash,original,gpt-3.5-turbo,original,gemini-v15-flash,original,original,gemini-v15-flash,original,gpt-3.5-turbo,original,original,llama-3-70b,original,gpt-4-o,gemini-v15-flash,claude-v3-haiku,gpt-4-o,claude-v3-haiku,claude-v3-sonnet,claude-v3-haiku,gemini-v15-flash,gemini-v15-flash,gpt-4-o,gpt-4-o,gpt-4-o,-0.836972796835224,2.63631406964841,0.189137461662303,3.71997984861955,138174607.452447,364.934423372748,True,False,False
77582,llama-3-70b,gpt-4-o,gpt-4-o,claude-v3-haiku,gemini-v15-flash,gemini-v15-pro,original,original,gemini-v15-pro,llama-3-70b,gemini-v15-flash,llama-3-70b,claude-v3-haiku,original,gpt-3.5-turbo,gemini-v15-flash,gemini-v15-flash,original,gpt-3.5-turbo,claude-v3-haiku,gemini-v15-flash,gpt-3.5-turbo,claude-v3-haiku,original,gemini-v15-flash,gpt-4-o,gpt-4-o,original,original,gpt-4-o,gpt-4-o,claude-v3-sonnet,original,claude-v3-opus,gemini-v15-flash,original,gpt-4-o,gpt-4-o,-1.77861156997233,-0.738241222286211,1.36915343411395,3.75471787340939,142963639.917006,360.619978656754,True,True,False
56989,llama-3-70b,gemini-v15-pro,gpt-4-o,claude-v3-haiku,original,original,gpt-4-o,gemini-v15-pro,llama-3-70b,original,original,llama-3-70b,gpt-4-o,gemini-v15-flash,gpt-3.5-turbo,original,claude-v3-haiku,original,gemini-v15-flash,original,original,gpt-3.5-turbo,original,gemini-v15-flash,gemini-v15-flash,original,gemini-v15-flash,original,claude-v3-haiku,gpt-4-o,claude-v3-haiku,llama-3-70b,claude-v3-haiku,gemini-v15-flash,gpt-4-o,gemini-v15-flash,original,gemini-v15-flash,-0.252051914160639,0.256159328090044,0.253699699898941,3.69840151444077,141552426.851418,364.698367070023,True,False,False
4b4e7,original,gemini-v15-pro,original,original,gemini-v15-flash,gemini-v15-pro,gpt-4-o,gemini-v15-pro,llama-3-70b,gpt-4-o,gemini-v15-flash,llama-3-70b,claude-v3-haiku,original,gpt-3.5-turbo,original,llama-3-70b,original,gpt-3.5-turbo,claude-v3-haiku,gemini-v15-flash,gemini-v15-flash,llama-3-70b,original,gemini-v15-flash,gpt-4-o,gpt-4-o,original,original,gpt-4-o,gpt-4-o,gpt-4-o,original,gemini-v15-flash,original,gpt-4-o,original,gpt-4-o,2.19228365494777,1.61165017529338,-0.565108268076358,3.60822745617479,139628769.032509,367.692141555554,False,False,True
acac9,original,original,gemini-v15-pro,original,original,gemini-v15-pro,gpt-3.5-turbo,gemini-v15-pro,llama-3-70b,gpt-4-o,original,llama-3-70b,original,original,gpt-3.5-turbo,original,gpt-4-o,original,gpt-3.5-turbo,original,gemini-v15-flash,original,original,original,gemini-v15-flash,gpt-4-o,gpt-4-o,original,gpt-4-o,gpt-4-o,gpt-4-o,claude-v3-sonnet,original,gemini-v15-flash,original,original,original,original,-0.225544035774139,-1.34751403420372,-0.286843155072108,3.69742361148819,143828295.263748,366.674732067484,True,True,True
59c98,original,gemini-v15-pro,gpt-4-o,original,original,gemini-v15-pro,gpt-4-o,original,llama-3-70b,gpt-3.5-turbo,gemini-v15-flash,original,claude-v3-haiku,gemini-v15-flash,gpt-4-o,gpt-4-o,gpt-3.5-turbo,gpt-3.5-turbo,original,claude-v3-haiku,original,gpt-3.5-turbo,llama-3-70b,gemini-v15-flash,original,original,original,claude-v3-haiku,gemini-v15-pro,gpt-4-o,gpt-4-o,gpt-4-o,gpt-3.5-turbo,gpt-4-o,gemini-v15-flash,gemini-v15-flash,gpt-4-o,original,0.062159458120737,-0.066823232705208,-0.590133618722615,3.68680993309245,142010790.646147,367.783640733855,False,True,True
76599,original,gpt-4-o,gemini-v15-pro,original,gemini-v15-flash,gemini-v15-pro,original,gemini-v15-pro,gemini-v15-pro,gpt-3.5-turbo,original,llama-3-70b,gpt-4-o,original,gpt-3.5-turbo,original,llama-3-70b,gemini-v15-flash,claude-v3-haiku,gemini-v15-flash,original,original,claude-v3-haiku,original,llama-3-70b,original,gpt-4-o,gpt-4-o,claude-v3-haiku,gpt-4-o,original,claude-v3-haiku,gpt-4-o,claude-v3-opus,gpt-4-o,original,original,gemini-v15-flash,-0.623589035209927,0.086498533471818,0.498927003127214,3.71210790174082,141793202.593138,363.801752390789,True,False,False
09a1d,llama-3-70b,gemini-v15-pro,gpt-4-o,claude-v3-haiku,original,original,original,original,llama-3-70b,gemini-v15-flash,original,llama-3-70b,claude-v3-haiku,gemini-v15-flash,gpt-3.5-turbo,original,gpt-3.5-turbo,llama-3-8b,gemini-v15-flash,claude-v3-haiku,original,gpt-3.5-turbo,llama-3-70b,original,gemini-v15-flash,original,gemini-v15-flash,original,original,gpt-4-o,claude-v3-haiku,claude-v3-haiku,gpt-4-o,gpt-4-o,original,gemini-v15-flash,original,gpt-4-o,-1.61818524863733,0.625914319651163,0.955180567343719,3.74879958108068,141027685.513574,362.13357092101,True,False,False
5b540,llama-3-70b,gpt-4-o,gpt-4-o,claude-v3-haiku,gemini-v15-flash,gemini-v15-pro,original,gemini-v15-pro,llama-3-70b,gpt-3.5-turbo,original,llama-3-70b,gpt-4-o,original,original,original,llama-3-70b,original,claude-v3-haiku,gemini-v15-flash,original,original,claude-v3-haiku,original,llama-3-70b,original,gemini-v15-flash,gpt-4-o,claude-v3-haiku,original,claude-v3-haiku,claude-v3-haiku,original,original,gpt-4-o,original,original,gpt-4-o,-0.365376115927668,1.27191154844232,-0.56871962656191,3.70258216103539,140110912.358874,367.705345619651,True,False,True
9a89c,original,original,gemini-v15-pro,claude-v3-haiku,gemini-v15-flash,original,gpt-3.5-turbo,original,original,gpt-4-o,gemini-v15-flash,gemini-v15-flash,llama-3-70b,original,gpt-3.5-turbo,gemini-v15-flash,gemini-v15-flash,gpt-3.5-turbo,llama-3-70b,gpt-3.5-turbo,original,gemini-v15-flash,claude-v3-haiku,gemini-v15-flash,llama-3-70b,gpt-4-o,gpt-4-o,llama-3-70b,original,original,claude-v3-haiku,claude-v3-sonnet,gpt-3.5-turbo,original,gemini-v15-flash,gpt-4-o,original,original,0.943122256098584,-2.97090709793504,-1.41107904741431,3.65431030755863,146132149.079251,370.785230330629,False,True,True
51bab,original,gpt-4-o,gpt-4-o,claude-v3-haiku,gemini-v15-flash,gemini-v15-pro,original,original,llama-3-70b,llama-3-70b,original,gemini-v15-flash,gpt-4-o,original,gpt-3.5-turbo,original,llama-3-70b,original,original,claude-v3-haiku,gemini-v15-flash,gemini-v15-flash,claude-v3-haiku,original,gemini-v15-flash,gpt-4-o,gpt-4-o,gpt-4-o,original,gpt-4-o,gpt-4-o,claude-v3-haiku,claude-v3-haiku,gemini-v15-flash,llama-3-70b,original,gpt-4-o,gemini-v15-flash,-0.135707256876059,-0.09484947172562,-1.04432200641938,3.69410944012925,142050564.351693,369.444271382178,True,True,True
0f8b5,original,gemini-v15-pro,gpt-4-o,claude-v3-haiku,gemini-v15-flash,original,gpt-4-o,gemini-v15-pro,llama-3-70b,gpt-4-o,original,llama-3-70b,gemini-v15-flash,gemini-v15-flash,gpt-3.5-turbo,gpt-4-o,gemini-v15-flash,llama-3-8b,gemini-v15-flash,original,gemini-v15-flash,original,original,original,gemini-v15-flash,gpt-4-o,gemini-v15-flash,original,original,gpt-4-o,claude-v3-haiku,gpt-4-o,original,gemini-v15-flash,gemini-v15-flash,gemini-v15-flash,original,gpt-4-o,-0.558894443458324,1.45446753287,0.658829028929425,3.70972125157714,139851836.285024,363.21710907544,True,False,False
631f8,original,original,gpt-4-o,original,original,gemini-v15-pro,gpt-3.5-turbo,original,llama-3-70b,original,original,llama-3-70b,original,original,gpt-3.5-turbo,original,llama-3-70b,original,llama-3-70b,llama-3-70b,gemini-v15-flash,original,original,original,gemini-v15-flash,original,original,gpt-4-o,gpt-4-o,gpt-4-o,original,claude-v3-sonnet,claude-v3-haiku,gemini-v15-flash,original,original,original,gpt-4-o,1.53786885517283,-2.30973324949103,-1.06059094455585,3.63236949257553,145193837.879407,369.503754843263,False,True,True
6c2d4,original,original,original,original,gemini-v15-flash,original,gpt-4-o,gemini-v15-pro,llama-3-70b,gpt-4-o,gemini-v15-flash,llama-3-70b,claude-v3-haiku,original,gpt-3.5-turbo,original,llama-3-70b,gpt-3.5-turbo,claude-v3-haiku,original,gemini-v15-flash,gemini-v15-flash,llama-3-70b,original,llama-3-70b,gpt-4-o,gpt-4-o,claude-v3-haiku,original,original,claude-v3-haiku,gpt-4-o,gpt-4-o,gemini-v15-flash,gpt-4-o,gpt-4-o,gpt-4-o,original,-0.996614837213663,-2.56258114283764,-0.622484692279336,3.7258692080155,145552669.389066,367.901924656803,True,True,True
795d6,original,gemini-v15-pro,original,original,original,original,gpt-4-o,original,llama-3-70b,gpt-4-o,gemini-v15-flash,llama-3-70b,claude-v3-haiku,original,gpt-3.5-turbo,original,gemini-v15-flash,llama-3-8b,claude-v3-haiku,original,original,original,gpt-3.5-turbo,original,llama-3-70b,gpt-4-o,gemini-v15-flash,original,original,original,claude-v3-haiku,claude-v3-sonnet,gpt-4-o,claude-v3-opus,gemini-v15-flash,gemini-v15-flash,gpt-4-o,original,-2.54887994923257,-2.66703317985927,0.097443960867819,3.78313386775553,145700903.497863,365.269678614396,True,True,False
ac9da,original,original,original,claude-v3-haiku,original,gemini-v15-pro,gpt-4-o,gemini-v15-pro,gemini-v15-pro,gpt-4-o,gemini-v15-flash,llama-3-70b,gpt-4-o,original,gpt-3.5-turbo,original,llama-3-70b,gpt-3.5-turbo,claude-v3-haiku,gemini-v15-flash,gemini-v15-flash,gpt-3.5-turbo,llama-3-70b,original,llama-3-70b,gpt-4-o,gpt-4-o,original,original,gpt-4-o,gpt-4-o,claude-v3-haiku,gpt-4-o,gemini-v15-flash,llama-3-70b,original,gpt-4-o,gpt-4-o,0.118512619232472,-1.30453935689394,0.549178857305964,3.68473100690171,143767307.338826,363.618018567017,False,True,False
bee32,llama-3-70b,gpt-4-o,gpt-4-o,original,gemini-v15-flash,gemini-v15-pro,original,original,llama-3-70b,gpt-4-o,gemini-v15-flash,gemini-v15-flash,original,original,gpt-3.5-turbo,original,llama-3-70b,gpt-3.5-turbo,gemini-v15-flash,gpt-3.5-turbo,original,gpt-3.5-turbo,llama-3-70b,original,gemini-v15-flash,gpt-4-o,original,gpt-4-o,original,gpt-4-o,gpt-4-o,claude-v3-haiku,original,gemini-v15-flash,original,gpt-4-o,original,gemini-v15-flash,0.048773328588748,-0.807298227952338,-1.07224830070145,3.68730376120657,143061642.828036,369.546377163468,False,True,True
0e3a5,llama-3-70b,gemini-v15-pro,gpt-4-o,claude-v3-haiku,original,original,original,original,llama-3-70b,gemini-v15-flash,original,llama-3-70b,gemini-v15-flash,gemini-v15-flash,gpt-3.5-turbo,original,gemini-v15-flash,gpt-3.5-turbo,gemini-v15-flash,original,original,gpt-3.5-turbo,original,original,gemini-v15-flash,original,original,original,original,gpt-4-o,gpt-4-o,claude-v3-sonnet,gpt-4-o,claude-v3-opus,gemini-v15-flash,gemini-v15-flash,original,gemini-v15-flash,-1.12418465248671,-0.120985587276186,-0.746265804966258,3.73057538997382,142087655.670412,368.354500537164,True,True,True
44b32,original,original,original,original,gemini-v15-flash,gemini-v15-pro,original,original,llama-3-70b,gpt-4-o,gemini-v15-flash,llama-3-70b,claude-v3-haiku,original,gpt-3.5-turbo,original,llama-3-70b,gemini-v15-flash,claude-v3-haiku,original,gemini-v15-flash,gemini-v15-flash,claude-v3-haiku,original,llama-3-70b,gpt-4-o,gpt-4-o,claude-v3-haiku,original,original,claude-v3-haiku,gpt-4-o,gpt-4-o,gemini-v15-flash,gpt-4-o,original,gpt-4-o,gemini-v15-flash,-0.359938866322253,0.16829787152138,0.023120336578766,3.70238157529384,141677116.279058,365.54142507849,True,False,False
50d17,llama-3-70b,original,gpt-4-o,claude-v3-haiku,original,original,gpt-4-o,gemini-v15-pro,llama-3-70b,original,gemini-v15-flash,gemini-v15-pro,gpt-3.5-turbo,original,gpt-3.5-turbo,gemini-v15-flash,llama-3-70b,llama-3-8b,original,gemini-v15-flash,original,gpt-3.5-turbo,llama-3-70b,gemini-v15-flash,gemini-v15-flash,original,gpt-4-o,gpt-4-o,original,original,claude-v3-haiku,llama-3-70b,claude-v3-haiku,gemini-v15-flash,gpt-4-o,original,gpt-4-o,gpt-4-o,-2.0448160462435,0.606532787501688,1.31772057241328,3.76453843088821,141055191.000563,360.808030550604,True,False,False
65cc5,llama-3-70b,gpt-4-o,gpt-4-o,claude-v3-haiku,gemini-v15-flash,gemini-v15-pro,original,gemini-v15-pro,llama-3-70b,original,original,gemini-v15-flash,original,original,gpt-3.5-turbo,original,gpt-3.5-turbo,original,gemini-v15-flash,original,gemini-v15-flash,gpt-3.5-turbo,claude-v3-haiku,original,llama-3-70b,gpt-4-o,gpt-4-o,llama-3-70b,original,gpt-4-o,original,claude-v3-sonnet,claude-v3-haiku,gemini-v15-flash,original,original,original,gpt-4-o,-0.581367651810362,-1.66368230591677,0.795973756081047,3.71055031139404,144276988.494858,362.715672351532,True,True,False
6db36,llama-3-70b,original,gpt-4-o,original,original,original,original,original,llama-3-70b,original,original,llama-3-70b,original,original,gpt-3.5-turbo,original,llama-3-70b,original,original,llama-3-70b,original,original,original,original,llama-3-70b,original,original,gpt-4-o,claude-v3-haiku,gpt-4-o,original,claude-v3-sonnet,claude-v3-haiku,gemini-v15-flash,original,gpt-4-o,gpt-4-o,gemini-v15-flash,-2.46077974683085,1.01975355283461,0.760203302724015,3.77988376049325,140468764.793549,362.846458414668,True,False,False
edfd3,llama-3-70b,gemini-v15-pro,gpt-4-o,original,original,original,original,original,llama-3-70b,gpt-4-o,gemini-v15-flash,llama-3-70b,gemini-v15-flash,gemini-v15-flash,gpt-3.5-turbo,original,gemini-v15-flash,gpt-3.5-turbo,gpt-3.5-turbo,claude-v3-haiku,gemini-v15-flash,gpt-3.5-turbo,llama-3-70b,original,original,original,original,original,original,gpt-4-o,gpt-4-o,gpt-4-o,original,gemini-v15-flash,original,gemini-v15-flash,original,gpt-4-o,-2.97082265954959,1.62158401346964,1.7530486600571,3.79869976919144,139614671.330914,359.216358055226,True,False,False
76fd8,original,original,original,original,gemini-v15-flash,original,gpt-4-o,gemini-v15-pro,llama-3-70b,gpt-4-o,gemini-v15-flash,llama-3-70b,claude-v3-haiku,original,gpt-3.5-turbo,original,llama-3-70b,gpt-3.5-turbo,claude-v3-haiku,claude-v3-haiku,gemini-v15-flash,gemini-v15-flash,llama-3-70b,original,llama-3-70b,gpt-4-o,gpt-4-o,claude-v3-haiku,original,original,claude-v3-haiku,gpt-4-o,gpt-4-o,gemini-v15-flash,gpt-4-o,gpt-4-o,original,gpt-4-o,-2.69701209571561,2.412240216744,1.40110813406228,3.78859861530364,138492604.00701,360.503143978613,True,False,False
9e343,original,gemini-v15-pro,original,claude-v3-haiku,gemini-v15-flash,gemini-v15-pro,original,gemini-v15-pro,llama-3-70b,gpt-3.5-turbo,original,llama-3-70b,gpt-4-o,original,gpt-3.5-turbo,original,llama-3-70b,original,original,claude-v3-haiku,gemini-v15-flash,gpt-3.5-turbo,llama-3-70b,original,gemini-v15-flash,original,original,original,claude-v3-haiku,original,gpt-4-o,claude-v3-haiku,gpt-4-o,claude-v3-opus,gemini-v15-flash,original,original,gpt-4-o,-1.62750690614014,1.92986484924909,1.2643299501067,3.74914346663281,139177171.630056,361.003240525445,True,False,False
b59aa,llama-3-70b,original,gpt-4-o,claude-v3-haiku,original,original,original,original,gemini-v15-pro,gpt-4-o,gemini-v15-flash,original,gemini-v15-flash,original,gpt-3.5-turbo,gemini-v15-flash,claude-v3-haiku,gpt-3.5-turbo,original,gemini-v15-flash,original,gpt-3.5-turbo,original,gemini-v15-flash,llama-3-70b,gpt-4-o,gpt-4-o,gemini-v15-flash,claude-v3-haiku,original,claude-v3-haiku,claude-v3-sonnet,claude-v3-haiku,gemini-v15-flash,gemini-v15-flash,gpt-4-o,gpt-4-o,gpt-4-o,-1.21056583644993,-0.052011028904858,-1.11751596439663,3.73376208087429,141989769.765251,369.711887492985,True,True,True
2230,original,gemini-v15-pro,original,claude-v3-haiku,gemini-v15-flash,gemini-v15-pro,gpt-4-o,gemini-v15-pro,llama-3-70b,gpt-3.5-turbo,gemini-v15-flash,gemini-v15-pro,claude-v3-haiku,original,gpt-3.5-turbo,original,gpt-4-o,original,gpt-4-o,original,gemini-v15-flash,gpt-3.5-turbo,gpt-3.5-turbo,gemini-v15-flash,gemini-v15-flash,original,gpt-4-o,original,gpt-4-o,gpt-4-o,claude-v3-haiku,gpt-4-o,original,gemini-v15-flash,original,gemini-v15-flash,original,gpt-4-o,-2.64018956012934,2.82674965008444,0.145068017791415,3.7865023734048,137904348.974449,365.09555269954,True,False,False
3.9E+098,original,original,gpt-4-o,claude-v3-haiku,original,original,original,original,llama-3-70b,original,gemini-v15-flash,original,gemini-v15-flash,original,gpt-4-o,original,gemini-v15-flash,gpt-3.5-turbo,original,gpt-3.5-turbo,original,gpt-3.5-turbo,claude-v3-haiku,gemini-v15-flash,llama-3-70b,original,gpt-4-o,llama-3-70b,original,original,claude-v3-haiku,claude-v3-sonnet,claude-v3-haiku,claude-v3-opus,gemini-v15-flash,gpt-4-o,gpt-4-o,gpt-4-o,-3.62484273752141,-1.61360454116472,1.75017079256313,3.82282724389806,144205920.155357,359.22688028585,True,True,False
e838a,llama-3-70b,gemini-v15-pro,gpt-4-o,claude-v3-haiku,gemini-v15-flash,gemini-v15-pro,gpt-4-o,original,llama-3-70b,gpt-3.5-turbo,gemini-v15-flash,llama-3-70b,claude-v3-haiku,original,gpt-3.5-turbo,original,gemini-v15-flash,original,gemini-v15-flash,gpt-3.5-turbo,gemini-v15-flash,gpt-3.5-turbo,llama-3-70b,original,llama-3-70b,gpt-4-o,gpt-4-o,original,original,gpt-4-o,gpt-4-o,gpt-4-o,original,gemini-v15-flash,original,gpt-4-o,original,gemini-v15-flash,-2.84306900093372,1.84663307191431,1.11009423516749,3.79398680506274,139295290.804067,361.56716633736,True,False,False
aa47d,original,original,gpt-4-o,claude-v3-haiku,original,original,original,original,llama-3-70b,original,gemini-v15-flash,gemini-v15-flash,original,original,gpt-4-o,gemini-v15-flash,gpt-3.5-turbo,gpt-3.5-turbo,llama-3-70b,gpt-3.5-turbo,gemini-v15-flash,gpt-3.5-turbo,claude-v3-haiku,gemini-v15-flash,llama-3-70b,gpt-4-o,gpt-4-o,llama-3-70b,original,original,claude-v3-haiku,claude-v3-sonnet,original,gemini-v15-flash,original,original,original,gpt-4-o,-5.51214332335236,-1.1107569279789,1.41504246466088,3.89245170755312,143492299.148753,360.452196448727,True,True,False
a591a,llama-3-70b,gemini-v15-pro,gpt-4-o,claude-v3-haiku,original,original,original,original,llama-3-70b,gemini-v15-flash,original,llama-3-70b,claude-v3-haiku,gemini-v15-flash,gpt-3.5-turbo,gpt-4-o,gpt-3.5-turbo,llama-3-8b,gemini-v15-flash,original,original,gpt-3.5-turbo,original,original,gemini-v15-flash,original,gemini-v15-flash,original,original,original,claude-v3-haiku,claude-v3-sonnet,gpt-4-o,claude-v3-opus,original,gemini-v15-flash,original,gemini-v15-flash,-3.31889158954661,3.96199810870618,1.80371049025804,3.81154039073736,136293250.250812,359.031125252691,True,False,False
325000000000,original,gemini-v15-pro,gpt-4-o,claude-v3-haiku,original,gemini-v15-pro,original,gemini-v15-pro,llama-3-70b,gemini-v15-flash,original,llama-3-70b,gemini-v15-flash,original,gpt-3.5-turbo,gpt-4-o,gemini-v15-flash,original,gemini-v15-flash,original,gemini-v15-flash,gemini-v15-flash,original,original,original,original,gpt-4-o,original,original,original,claude-v3-haiku,claude-v3-haiku,gpt-4-o,claude-v3-opus,llama-3-70b,gemini-v15-flash,original,gpt-4-o,-2.19670675314936,1.68218927400088,0.100278091278629,3.77014183560386,139528662.794944,365.259316297902,True,False,False
2c3ec,original,gemini-v15-pro,gpt-4-o,original,original,original,gpt-4-o,gemini-v15-pro,llama-3-70b,original,original,llama-3-70b,gpt-4-o,gemini-v15-flash,gpt-3.5-turbo,original,llama-3-70b,gpt-3.5-turbo,claude-v3-haiku,original,original,gpt-3.5-turbo,original,gemini-v15-flash,llama-3-70b,gpt-4-o,gemini-v15-flash,original,claude-v3-haiku,gpt-4-o,claude-v3-haiku,llama-3-70b,gpt-4-o,gemini-v15-flash,gpt-4-o,gpt-4-o,original,gpt-4-o,-0.815896924619747,-1.55283394198452,1.54264360144662,3.71920233797282,144119676.977461,359.98565356862,True,True,False
6436f,original,original,original,original,gemini-v15-flash,gemini-v15-pro,original,gemini-v15-pro,llama-3-70b,gemini-v15-flash,gemini-v15-flash,llama-3-70b,gpt-4-o,original,gpt-3.5-turbo,original,llama-3-70b,gpt-3.5-turbo,original,claude-v3-haiku,gemini-v15-flash,gpt-3.5-turbo,llama-3-70b,original,gemini-v15-flash,original,original,claude-v3-haiku,original,original,gpt-4-o,gpt-4-o,gpt-4-o,gemini-v15-flash,gemini-v15-flash,gpt-4-o,original,gpt-4-o,-2.57607333913541,-2.1822925811815,0.383996119296675,3.78413705993444,145012979.234329,364.221969537017,True,True,False
01bc9,llama-3-70b,gemini-v15-pro,gpt-4-o,original,original,original,original,gemini-v15-pro,llama-3-70b,original,original,llama-3-70b,gemini-v15-flash,gemini-v15-flash,gpt-3.5-turbo,original,gemini-v15-flash,original,original,gemini-v15-flash,original,gpt-3.5-turbo,original,original,llama-3-70b,original,gpt-4-o,original,claude-v3-haiku,gpt-4-o,gpt-4-o,claude-v3-sonnet,claude-v3-haiku,gemini-v15-flash,gemini-v15-flash,gemini-v15-flash,gpt-4-o,gpt-4-o,-1.31717067928102,-1.56380618505522,0.43776368881324,3.73769484339282,144135248.341308,364.025381345325,True,True,False
696b0,original,gemini-v15-pro,gpt-4-o,claude-v3-haiku,original,gemini-v15-pro,original,gemini-v15-pro,gemini-v15-pro,gemini-v15-flash,original,llama-3-70b,gemini-v15-flash,original,gpt-3.5-turbo,original,llama-3-70b,llama-3-8b,gemini-v15-flash,original,gemini-v15-flash,gemini-v15-flash,original,original,gemini-v15-flash,gpt-4-o,gemini-v15-flash,original,original,gpt-4-o,claude-v3-haiku,claude-v3-sonnet,claude-v3-haiku,gemini-v15-flash,llama-3-70b,gemini-v15-flash,original,gpt-4-o,-0.919980109724101,1.05957152902417,-0.101041331464748,3.723042073939,140412256.731257,365.995392368022,True,False,True
604c8,llama-3-70b,gpt-4-o,gpt-4-o,claude-v3-haiku,original,gemini-v15-pro,gpt-4-o,gemini-v15-pro,gemini-v15-pro,gpt-3.5-turbo,gemini-v15-flash,llama-3-70b,gemini-v15-flash,original,gpt-3.5-turbo,original,llama-3-70b,original,gpt-4-o,original,original,gpt-3.5-turbo,llama-3-70b,gemini-v15-flash,llama-3-70b,original,gemini-v15-flash,original,gpt-4-o,gpt-4-o,gpt-4-o,claude-v3-haiku,original,original,llama-3-70b,original,gpt-4-o,gpt-4-o,-2.27213551597296,-1.61030160471736,-0.191649586411445,3.77292448040098,144201232.761462,366.326679669132,True,True,True
